/*
SQLyog Enterprise v12.08 (64 bit)
MySQL - 8.0.17 : Database - mrrs
*********************************************************************
*/

/*!40101 SET NAMES utf8 */;

/*!40101 SET SQL_MODE=''*/;

/*!40014 SET @OLD_UNIQUE_CHECKS=@@UNIQUE_CHECKS, UNIQUE_CHECKS=0 */;
/*!40014 SET @OLD_FOREIGN_KEY_CHECKS=@@FOREIGN_KEY_CHECKS, FOREIGN_KEY_CHECKS=0 */;
/*!40101 SET @OLD_SQL_MODE=@@SQL_MODE, SQL_MODE='NO_AUTO_VALUE_ON_ZERO' */;
/*!40111 SET @OLD_SQL_NOTES=@@SQL_NOTES, SQL_NOTES=0 */;
CREATE DATABASE /*!32312 IF NOT EXISTS*/`mrrs` /*!40100 DEFAULT CHARACTER SET utf8 */ /*!80016 DEFAULT ENCRYPTION='N' */;

USE `mrrs`;

/*Table structure for table `accesslog` */

DROP TABLE IF EXISTS `accesslog`;

CREATE TABLE `accesslog` (
  `logid` int(11) NOT NULL AUTO_INCREMENT,
  `method` varchar(255) DEFAULT NULL,
  `url` varchar(255) DEFAULT NULL,
  `ip` varchar(30) DEFAULT NULL,
  `userName` varchar(30) DEFAULT NULL,
  `addDate` datetime DEFAULT NULL,
  `status` varchar(20) DEFAULT NULL,
  PRIMARY KEY (`logid`)
) ENGINE=InnoDB AUTO_INCREMENT=522 DEFAULT CHARSET=utf8;

/*Data for the table `accesslog` */

insert  into `accesslog`(`logid`,`method`,`url`,`ip`,`userName`,`addDate`,`status`) values (1,'com.woniuxy.service.impl.UserServiceImpl.selectPermissionByUser','http://localhost:8080/loginAjax','0:0:0:0:0:0:0:1','twk','2020-04-15 16:57:41','成功'),(2,'com.woniuxy.service.impl.EmpServiceImpl.findAll','http://localhost:8080/emp/index','0:0:0:0:0:0:0:1','twk','2020-04-15 16:58:07','成功'),(3,'com.woniuxy.service.impl.EmpServiceImpl.selectByPage','http://localhost:8080/emp/indexByPage','0:0:0:0:0:0:0:1','twk','2020-04-15 16:58:08','成功'),(4,'com.woniuxy.service.impl.EmpServiceImpl.countAll','http://localhost:8080/emp/indexByPage','0:0:0:0:0:0:0:1','twk','2020-04-15 16:58:08','成功'),(5,'com.woniuxy.service.impl.EmpServiceImpl.findUserIdByempId','http://localhost:8080/emp/assignRole','0:0:0:0:0:0:0:1','twk','2020-04-15 16:58:15','成功'),(6,'com.woniuxy.service.impl.RoleServiceImpl.findAssignRolesByUserId','http://localhost:8080/emp/assignRole','0:0:0:0:0:0:0:1','twk','2020-04-15 16:58:15','成功'),(7,'com.woniuxy.service.impl.RoleServiceImpl.findUnAssignRolesByUserId','http://localhost:8080/emp/assignRole','0:0:0:0:0:0:0:1','twk','2020-04-15 16:58:15','成功'),(8,'com.woniuxy.service.impl.EmpServiceImpl.selectByPage','http://localhost:8080/emp/indexByPage','0:0:0:0:0:0:0:1','twk','2020-04-15 16:58:17','成功'),(9,'com.woniuxy.service.impl.EmpServiceImpl.countAll','http://localhost:8080/emp/indexByPage','0:0:0:0:0:0:0:1','twk','2020-04-15 16:58:17','成功'),(10,'com.woniuxy.service.impl.EmpServiceImpl.findOne','http://localhost:8080/emp/update','0:0:0:0:0:0:0:1','twk','2020-04-15 16:58:19','成功'),(11,'com.woniuxy.service.impl.AroomServiceImpl.findAll','http://localhost:8080/emp/update','0:0:0:0:0:0:0:1','twk','2020-04-15 16:58:19','成功'),(12,'com.woniuxy.service.impl.EmpServiceImpl.selectByPage','http://localhost:8080/emp/indexByPage','0:0:0:0:0:0:0:1','twk','2020-04-15 16:58:27','成功'),(13,'com.woniuxy.service.impl.EmpServiceImpl.countAll','http://localhost:8080/emp/indexByPage','0:0:0:0:0:0:0:1','twk','2020-04-15 16:58:27','成功'),(14,'com.woniuxy.service.impl.EmpServiceImpl.findOne','http://localhost:8080/emp/update','0:0:0:0:0:0:0:1','twk','2020-04-15 16:58:28','成功'),(15,'com.woniuxy.service.impl.AroomServiceImpl.findAll','http://localhost:8080/emp/update','0:0:0:0:0:0:0:1','twk','2020-04-15 16:58:29','成功'),(16,'com.woniuxy.service.impl.EmpServiceImpl.selectByPage','http://localhost:8080/emp/indexByPage','0:0:0:0:0:0:0:1','twk','2020-04-15 16:58:30','成功'),(17,'com.woniuxy.service.impl.EmpServiceImpl.countAll','http://localhost:8080/emp/indexByPage','0:0:0:0:0:0:0:1','twk','2020-04-15 16:58:30','成功'),(18,'com.woniuxy.service.impl.EmpServiceImpl.findUserIdByempId','http://localhost:8080/emp/assignRole','0:0:0:0:0:0:0:1','twk','2020-04-15 16:58:32','成功'),(19,'com.woniuxy.service.impl.RoleServiceImpl.findAssignRolesByUserId','http://localhost:8080/emp/assignRole','0:0:0:0:0:0:0:1','twk','2020-04-15 16:58:32','成功'),(20,'com.woniuxy.service.impl.RoleServiceImpl.findUnAssignRolesByUserId','http://localhost:8080/emp/assignRole','0:0:0:0:0:0:0:1','twk','2020-04-15 16:58:32','成功'),(21,'com.woniuxy.service.impl.EmpServiceImpl.selectByPage','http://localhost:8080/emp/indexByPage','0:0:0:0:0:0:0:1','twk','2020-04-15 16:58:35','成功'),(22,'com.woniuxy.service.impl.EmpServiceImpl.countAll','http://localhost:8080/emp/indexByPage','0:0:0:0:0:0:0:1','twk','2020-04-15 16:58:36','成功'),(23,'com.woniuxy.service.impl.AroomServiceImpl.findAll','http://localhost:8080/emp/save','0:0:0:0:0:0:0:1','twk','2020-04-15 16:58:38','成功'),(24,'com.woniuxy.service.impl.UserServiceImpl.save','http://localhost:8080/emp/saveEmp','0:0:0:0:0:0:0:1','twk','2020-04-15 16:59:04','成功'),(25,'com.woniuxy.service.impl.EmpServiceImpl.save','http://localhost:8080/emp/saveEmp','0:0:0:0:0:0:0:1','twk','2020-04-15 16:59:04','成功'),(26,'com.woniuxy.service.impl.EmpServiceImpl.findAll','http://localhost:8080/emp/index','0:0:0:0:0:0:0:1','twk','2020-04-15 16:59:04','成功'),(27,'com.woniuxy.service.impl.EmpServiceImpl.selectByPage','http://localhost:8080/emp/indexByPage','0:0:0:0:0:0:0:1','twk','2020-04-15 16:59:05','成功'),(28,'com.woniuxy.service.impl.EmpServiceImpl.countAll','http://localhost:8080/emp/indexByPage','0:0:0:0:0:0:0:1','twk','2020-04-15 16:59:05','成功'),(29,'com.woniuxy.service.impl.EmpServiceImpl.findUserIdByempId','http://localhost:8080/emp/assignRole','0:0:0:0:0:0:0:1','twk','2020-04-15 16:59:15','成功'),(30,'com.woniuxy.service.impl.RoleServiceImpl.findAssignRolesByUserId','http://localhost:8080/emp/assignRole','0:0:0:0:0:0:0:1','twk','2020-04-15 16:59:15','成功'),(31,'com.woniuxy.service.impl.RoleServiceImpl.findUnAssignRolesByUserId','http://localhost:8080/emp/assignRole','0:0:0:0:0:0:0:1','twk','2020-04-15 16:59:15','成功'),(32,'com.woniuxy.service.impl.UserServiceImpl.assignRoles','http://localhost:8080/emp/assignRoleDo','0:0:0:0:0:0:0:1','twk','2020-04-15 16:59:18','成功'),(33,'com.woniuxy.service.impl.EmpServiceImpl.findAll','http://localhost:8080/emp/index','0:0:0:0:0:0:0:1','twk','2020-04-15 16:59:37','成功'),(34,'com.woniuxy.service.impl.EmpServiceImpl.selectByPage','http://localhost:8080/emp/indexByPage','0:0:0:0:0:0:0:1','twk','2020-04-15 16:59:38','成功'),(35,'com.woniuxy.service.impl.EmpServiceImpl.countAll','http://localhost:8080/emp/indexByPage','0:0:0:0:0:0:0:1','twk','2020-04-15 16:59:38','成功'),(36,'com.woniuxy.service.impl.EmpServiceImpl.findOne','http://localhost:8080/emp/update','0:0:0:0:0:0:0:1','twk','2020-04-15 16:59:43','成功'),(37,'com.woniuxy.service.impl.AroomServiceImpl.findAll','http://localhost:8080/emp/update','0:0:0:0:0:0:0:1','twk','2020-04-15 16:59:43','成功'),(38,'com.woniuxy.service.impl.EmpServiceImpl.update','http://localhost:8080/emp/updateEmp','0:0:0:0:0:0:0:1','twk','2020-04-15 16:59:50','成功'),(39,'com.woniuxy.service.impl.EmpServiceImpl.findAll','http://localhost:8080/emp/index','0:0:0:0:0:0:0:1','twk','2020-04-15 16:59:50','成功'),(40,'com.woniuxy.service.impl.EmpServiceImpl.selectByPage','http://localhost:8080/emp/indexByPage','0:0:0:0:0:0:0:1','twk','2020-04-15 16:59:50','成功'),(41,'com.woniuxy.service.impl.EmpServiceImpl.countAll','http://localhost:8080/emp/indexByPage','0:0:0:0:0:0:0:1','twk','2020-04-15 16:59:51','成功'),(42,'com.woniuxy.service.impl.EmpServiceImpl.findOne','http://localhost:8080/emp/update','0:0:0:0:0:0:0:1','twk','2020-04-15 16:59:56','成功'),(43,'com.woniuxy.service.impl.AroomServiceImpl.findAll','http://localhost:8080/emp/update','0:0:0:0:0:0:0:1','twk','2020-04-15 16:59:56','成功'),(44,'com.woniuxy.service.impl.EmpServiceImpl.update','http://localhost:8080/emp/updateEmp','0:0:0:0:0:0:0:1','twk','2020-04-15 17:00:07','成功'),(45,'com.woniuxy.service.impl.EmpServiceImpl.findAll','http://localhost:8080/emp/index','0:0:0:0:0:0:0:1','twk','2020-04-15 17:00:07','成功'),(46,'com.woniuxy.service.impl.EmpServiceImpl.selectByPage','http://localhost:8080/emp/indexByPage','0:0:0:0:0:0:0:1','twk','2020-04-15 17:00:07','成功'),(47,'com.woniuxy.service.impl.EmpServiceImpl.countAll','http://localhost:8080/emp/indexByPage','0:0:0:0:0:0:0:1','twk','2020-04-15 17:00:08','成功'),(48,'com.woniuxy.service.impl.AroomServiceImpl.findAll','http://localhost:8080/emp/save','0:0:0:0:0:0:0:1','twk','2020-04-15 17:00:12','成功'),(49,'com.woniuxy.service.impl.UserServiceImpl.save','http://localhost:8080/emp/saveEmp','0:0:0:0:0:0:0:1','twk','2020-04-15 17:00:27','成功'),(50,'com.woniuxy.service.impl.EmpServiceImpl.save','http://localhost:8080/emp/saveEmp','0:0:0:0:0:0:0:1','twk','2020-04-15 17:00:27','成功'),(51,'com.woniuxy.service.impl.EmpServiceImpl.findAll','http://localhost:8080/emp/index','0:0:0:0:0:0:0:1','twk','2020-04-15 17:00:27','成功'),(52,'com.woniuxy.service.impl.EmpServiceImpl.selectByPage','http://localhost:8080/emp/indexByPage','0:0:0:0:0:0:0:1','twk','2020-04-15 17:00:28','成功'),(53,'com.woniuxy.service.impl.EmpServiceImpl.countAll','http://localhost:8080/emp/indexByPage','0:0:0:0:0:0:0:1','twk','2020-04-15 17:00:28','成功'),(54,'com.woniuxy.service.impl.EmpServiceImpl.selectByPage','http://localhost:8080/emp/indexByPage','0:0:0:0:0:0:0:1','twk','2020-04-15 17:00:30','成功'),(55,'com.woniuxy.service.impl.EmpServiceImpl.countAll','http://localhost:8080/emp/indexByPage','0:0:0:0:0:0:0:1','twk','2020-04-15 17:00:30','成功'),(56,'com.woniuxy.service.impl.EmpServiceImpl.findUserIdByempId','http://localhost:8080/emp/assignRole','0:0:0:0:0:0:0:1','twk','2020-04-15 17:00:33','成功'),(57,'com.woniuxy.service.impl.RoleServiceImpl.findAssignRolesByUserId','http://localhost:8080/emp/assignRole','0:0:0:0:0:0:0:1','twk','2020-04-15 17:00:33','成功'),(58,'com.woniuxy.service.impl.RoleServiceImpl.findUnAssignRolesByUserId','http://localhost:8080/emp/assignRole','0:0:0:0:0:0:0:1','twk','2020-04-15 17:00:33','成功'),(59,'com.woniuxy.service.impl.UserServiceImpl.assignRoles','http://localhost:8080/emp/assignRoleDo','0:0:0:0:0:0:0:1','twk','2020-04-15 17:00:35','成功'),(60,'com.woniuxy.service.impl.EmpServiceImpl.findAll','http://localhost:8080/emp/index','0:0:0:0:0:0:0:1','twk','2020-04-15 17:00:48','成功'),(61,'com.woniuxy.service.impl.EmpServiceImpl.selectByPage','http://localhost:8080/emp/indexByPage','0:0:0:0:0:0:0:1','twk','2020-04-15 17:00:48','成功'),(62,'com.woniuxy.service.impl.EmpServiceImpl.countAll','http://localhost:8080/emp/indexByPage','0:0:0:0:0:0:0:1','twk','2020-04-15 17:00:48','成功'),(63,'com.woniuxy.service.impl.AroomServiceImpl.findAll','http://localhost:8080/emp/save','0:0:0:0:0:0:0:1','twk','2020-04-15 17:00:51','成功'),(64,'com.woniuxy.service.impl.UserServiceImpl.save','http://localhost:8080/emp/saveEmp','0:0:0:0:0:0:0:1','twk','2020-04-15 17:01:14','成功'),(65,'com.woniuxy.service.impl.EmpServiceImpl.save','http://localhost:8080/emp/saveEmp','0:0:0:0:0:0:0:1','twk','2020-04-15 17:01:14','成功'),(66,'com.woniuxy.service.impl.EmpServiceImpl.findAll','http://localhost:8080/emp/index','0:0:0:0:0:0:0:1','twk','2020-04-15 17:01:14','成功'),(67,'com.woniuxy.service.impl.EmpServiceImpl.selectByPage','http://localhost:8080/emp/indexByPage','0:0:0:0:0:0:0:1','twk','2020-04-15 17:01:14','成功'),(68,'com.woniuxy.service.impl.EmpServiceImpl.countAll','http://localhost:8080/emp/indexByPage','0:0:0:0:0:0:0:1','twk','2020-04-15 17:01:14','成功'),(69,'com.woniuxy.service.impl.EmpServiceImpl.findOne','http://localhost:8080/emp/update','0:0:0:0:0:0:0:1','twk','2020-04-15 17:01:28','成功'),(70,'com.woniuxy.service.impl.AroomServiceImpl.findAll','http://localhost:8080/emp/update','0:0:0:0:0:0:0:1','twk','2020-04-15 17:01:28','成功'),(71,'com.woniuxy.service.impl.EmpServiceImpl.selectByPage','http://localhost:8080/emp/indexByPage','0:0:0:0:0:0:0:1','twk','2020-04-15 17:01:31','成功'),(72,'com.woniuxy.service.impl.EmpServiceImpl.countAll','http://localhost:8080/emp/indexByPage','0:0:0:0:0:0:0:1','twk','2020-04-15 17:01:32','成功'),(73,'com.woniuxy.service.impl.EmpServiceImpl.selectByPage','http://localhost:8080/emp/indexByPage','0:0:0:0:0:0:0:1','twk','2020-04-15 17:01:33','成功'),(74,'com.woniuxy.service.impl.EmpServiceImpl.countAll','http://localhost:8080/emp/indexByPage','0:0:0:0:0:0:0:1','twk','2020-04-15 17:01:34','成功'),(75,'com.woniuxy.service.impl.EmpServiceImpl.findUserIdByempId','http://localhost:8080/emp/assignRole','0:0:0:0:0:0:0:1','twk','2020-04-15 17:01:36','成功'),(76,'com.woniuxy.service.impl.RoleServiceImpl.findAssignRolesByUserId','http://localhost:8080/emp/assignRole','0:0:0:0:0:0:0:1','twk','2020-04-15 17:01:36','成功'),(77,'com.woniuxy.service.impl.RoleServiceImpl.findUnAssignRolesByUserId','http://localhost:8080/emp/assignRole','0:0:0:0:0:0:0:1','twk','2020-04-15 17:01:37','成功'),(78,'com.woniuxy.service.impl.UserServiceImpl.assignRoles','http://localhost:8080/emp/assignRoleDo','0:0:0:0:0:0:0:1','twk','2020-04-15 17:01:39','成功'),(79,'com.woniuxy.service.impl.PatientServiceImpl.countAll','http://localhost:8080/patient/findAllByPage','0:0:0:0:0:0:0:1','twk','2020-04-15 17:03:34','成功'),(80,'com.woniuxy.service.impl.PatientServiceImpl.findAllByPageBean','http://localhost:8080/patient/findAllByPage','0:0:0:0:0:0:0:1','twk','2020-04-15 17:03:35','成功'),(81,'com.woniuxy.service.impl.PatientServiceImpl.findOne','http://localhost:8080/patient/findOne','0:0:0:0:0:0:0:1','twk','2020-04-15 17:03:44','成功'),(82,'com.woniuxy.service.impl.PatientServiceImpl.countAll','http://localhost:8080/patient/findAllByPage','0:0:0:0:0:0:0:1','twk','2020-04-15 17:03:47','成功'),(83,'com.woniuxy.service.impl.PatientServiceImpl.findAllByPageBean','http://localhost:8080/patient/findAllByPage','0:0:0:0:0:0:0:1','twk','2020-04-15 17:03:47','成功'),(84,'com.woniuxy.service.impl.UserServiceImpl.selectPermissionByUser','http://localhost:8080/loginAjax','0:0:0:0:0:0:0:1','twk','2020-04-15 17:16:21','成功'),(85,'com.woniuxy.service.impl.UserServiceImpl.selectPermissionByUser','http://localhost:8080/loginAjax','0:0:0:0:0:0:0:1','liubei','2020-04-15 17:16:37','成功'),(86,'com.woniuxy.service.impl.PatientServiceImpl.findPatientByUserId','http://localhost:8080/apprecord/goBook','0:0:0:0:0:0:0:1','liubei','2020-04-15 17:16:40','成功'),(87,'com.woniuxy.service.impl.ScheduleServiceImpl.queryByDate','http://localhost:8080/schedule/queryByDate','0:0:0:0:0:0:0:1','liubei','2020-04-15 17:16:43','成功'),(88,'com.woniuxy.service.impl.SkillgroupServiceImpl.queryDoctorBySkillgroup','http://localhost:8080/emp/queryDoctorBySkillgroup','0:0:0:0:0:0:0:1','liubei','2020-04-15 17:16:43','成功'),(89,'com.woniuxy.service.impl.EmpServiceImpl.queryDoctorByAroomId','http://localhost:8080/emp/queryDoctorBySkillgroup','0:0:0:0:0:0:0:1','liubei','2020-04-15 17:16:43','成功'),(90,'com.woniuxy.service.impl.SkillgroupServiceImpl.queryDoctorBySkillgroup','http://localhost:8080/emp/queryDoctorBySkillgroup','0:0:0:0:0:0:0:1','liubei','2020-04-15 17:16:47','成功'),(91,'com.woniuxy.service.impl.EmpServiceImpl.queryDoctorByAroomId','http://localhost:8080/emp/queryDoctorBySkillgroup','0:0:0:0:0:0:0:1','liubei','2020-04-15 17:16:47','成功'),(92,'com.woniuxy.service.impl.ScheduleServiceImpl.queryByDate','http://localhost:8080/schedule/queryByDate','0:0:0:0:0:0:0:1','liubei','2020-04-15 17:16:52','成功'),(93,'com.woniuxy.service.impl.SkillgroupServiceImpl.queryDoctorBySkillgroup','http://localhost:8080/emp/queryDoctorBySkillgroup','0:0:0:0:0:0:0:1','liubei','2020-04-15 17:16:53','成功'),(94,'com.woniuxy.service.impl.EmpServiceImpl.queryDoctorByAroomId','http://localhost:8080/emp/queryDoctorBySkillgroup','0:0:0:0:0:0:0:1','liubei','2020-04-15 17:16:53','成功'),(95,'com.woniuxy.service.impl.ScheduleServiceImpl.queryByDate','http://localhost:8080/schedule/queryByDate','0:0:0:0:0:0:0:1','liubei','2020-04-15 17:16:56','成功'),(96,'com.woniuxy.service.impl.SkillgroupServiceImpl.queryDoctorBySkillgroup','http://localhost:8080/emp/queryDoctorBySkillgroup','0:0:0:0:0:0:0:1','liubei','2020-04-15 17:16:57','成功'),(97,'com.woniuxy.service.impl.EmpServiceImpl.queryDoctorByAroomId','http://localhost:8080/emp/queryDoctorBySkillgroup','0:0:0:0:0:0:0:1','liubei','2020-04-15 17:16:57','成功'),(98,'com.woniuxy.service.impl.ScheduleServiceImpl.queryByDate','http://localhost:8080/schedule/queryByDate','0:0:0:0:0:0:0:1','liubei','2020-04-15 17:17:38','成功'),(99,'com.woniuxy.service.impl.SkillgroupServiceImpl.queryDoctorBySkillgroup','http://localhost:8080/emp/queryDoctorBySkillgroup','0:0:0:0:0:0:0:1','liubei','2020-04-15 17:17:38','成功'),(100,'com.woniuxy.service.impl.EmpServiceImpl.queryDoctorByAroomId','http://localhost:8080/emp/queryDoctorBySkillgroup','0:0:0:0:0:0:0:1','liubei','2020-04-15 17:17:38','成功'),(101,'com.woniuxy.service.impl.PatientServiceImpl.findPatientByUserId','http://localhost:8080/apprecord/goBook','0:0:0:0:0:0:0:1','liubei','2020-04-15 17:19:05','成功'),(102,'com.woniuxy.service.impl.ScheduleServiceImpl.queryByDate','http://localhost:8080/schedule/queryByDate','0:0:0:0:0:0:0:1','liubei','2020-04-15 17:19:08','成功'),(103,'com.woniuxy.service.impl.SkillgroupServiceImpl.queryDoctorBySkillgroup','http://localhost:8080/emp/queryDoctorBySkillgroup','0:0:0:0:0:0:0:1','liubei','2020-04-15 17:19:08','成功'),(104,'com.woniuxy.service.impl.EmpServiceImpl.queryDoctorByAroomId','http://localhost:8080/emp/queryDoctorBySkillgroup','0:0:0:0:0:0:0:1','liubei','2020-04-15 17:19:08','成功'),(105,'com.woniuxy.service.impl.ApprecordServiceImpl.book','http://localhost:8080/apprecord/book','0:0:0:0:0:0:0:1','liubei','2020-04-15 17:19:42','成功'),(106,'com.woniuxy.service.impl.PatientServiceImpl.findPatientByUserId','http://localhost:8080/apprecord/goBook','0:0:0:0:0:0:0:1','liubei','2020-04-15 17:24:34','成功'),(107,'com.woniuxy.service.impl.ScheduleServiceImpl.queryByDate','http://localhost:8080/schedule/queryByDate','0:0:0:0:0:0:0:1','liubei','2020-04-15 17:24:37','成功'),(108,'com.woniuxy.service.impl.SkillgroupServiceImpl.queryDoctorBySkillgroup','http://localhost:8080/emp/queryDoctorBySkillgroup','0:0:0:0:0:0:0:1','liubei','2020-04-15 17:24:37','成功'),(109,'com.woniuxy.service.impl.EmpServiceImpl.queryDoctorByAroomId','http://localhost:8080/emp/queryDoctorBySkillgroup','0:0:0:0:0:0:0:1','liubei','2020-04-15 17:24:37','成功'),(110,'com.woniuxy.service.impl.ScheduleServiceImpl.queryByDate','http://localhost:8080/schedule/queryByDate','0:0:0:0:0:0:0:1','liubei','2020-04-15 17:24:45','成功'),(111,'com.woniuxy.service.impl.ScheduleServiceImpl.queryByDate','http://localhost:8080/schedule/queryByDate','0:0:0:0:0:0:0:1','liubei','2020-04-15 17:24:45','成功'),(112,'com.woniuxy.service.impl.SkillgroupServiceImpl.queryDoctorBySkillgroup','http://localhost:8080/emp/queryDoctorBySkillgroup','0:0:0:0:0:0:0:1','liubei','2020-04-15 17:24:46','成功'),(113,'com.woniuxy.service.impl.SkillgroupServiceImpl.queryDoctorBySkillgroup','http://localhost:8080/emp/queryDoctorBySkillgroup','0:0:0:0:0:0:0:1','liubei','2020-04-15 17:24:46','成功'),(114,'com.woniuxy.service.impl.EmpServiceImpl.queryDoctorByAroomId','http://localhost:8080/emp/queryDoctorBySkillgroup','0:0:0:0:0:0:0:1','liubei','2020-04-15 17:24:46','成功'),(115,'com.woniuxy.service.impl.EmpServiceImpl.queryDoctorByAroomId','http://localhost:8080/emp/queryDoctorBySkillgroup','0:0:0:0:0:0:0:1','liubei','2020-04-15 17:24:46','成功'),(116,'com.woniuxy.service.impl.UserServiceImpl.selectPermissionByUser','http://localhost:8080/loginAjax','0:0:0:0:0:0:0:1','liubei','2020-04-15 17:38:01','成功'),(117,'com.woniuxy.service.impl.ApprecordServiceImpl.countAll','http://localhost:8080/apprecord/findAllByPage','0:0:0:0:0:0:0:1','liubei','2020-04-15 17:38:08','成功'),(118,'com.woniuxy.service.impl.ApprecordServiceImpl.findAllByPage','http://localhost:8080/apprecord/findAllByPage','0:0:0:0:0:0:0:1','liubei','2020-04-15 17:38:08','成功'),(119,'com.woniuxy.service.impl.PatientServiceImpl.findPatientByUserId','http://localhost:8080/apprecord/goBook','0:0:0:0:0:0:0:1','liubei','2020-04-15 17:38:14','成功'),(120,'com.woniuxy.service.impl.ScheduleServiceImpl.queryByDate','http://localhost:8080/schedule/queryByDate','0:0:0:0:0:0:0:1','liubei','2020-04-15 17:38:18','成功'),(121,'com.woniuxy.service.impl.SkillgroupServiceImpl.queryDoctorBySkillgroup','http://localhost:8080/emp/queryDoctorBySkillgroup','0:0:0:0:0:0:0:1','liubei','2020-04-15 17:38:18','成功'),(122,'com.woniuxy.service.impl.EmpServiceImpl.queryDoctorByAroomId','http://localhost:8080/emp/queryDoctorBySkillgroup','0:0:0:0:0:0:0:1','liubei','2020-04-15 17:38:18','成功'),(123,'com.woniuxy.service.impl.PatientServiceImpl.findPatientByUserId','http://localhost:8080/apprecord/goBook','0:0:0:0:0:0:0:1','liubei','2020-04-15 17:38:57','成功'),(124,'com.woniuxy.service.impl.ScheduleServiceImpl.queryByDate','http://localhost:8080/schedule/queryByDate','0:0:0:0:0:0:0:1','liubei','2020-04-15 17:39:00','成功'),(125,'com.woniuxy.service.impl.ProjectServiceImpl.queryBySkillgroup','http://localhost:8080/Project/queryBySkillgroup','0:0:0:0:0:0:0:1','liubei','2020-04-15 17:39:01','成功'),(126,'com.woniuxy.service.impl.SkillgroupServiceImpl.queryDoctorBySkillgroup','http://localhost:8080/emp/queryDoctorBySkillgroup','0:0:0:0:0:0:0:1','liubei','2020-04-15 17:39:01','成功'),(127,'com.woniuxy.service.impl.EmpServiceImpl.queryDoctorByAroomId','http://localhost:8080/emp/queryDoctorBySkillgroup','0:0:0:0:0:0:0:1','liubei','2020-04-15 17:39:01','成功'),(128,'com.woniuxy.service.impl.UserServiceImpl.selectPermissionByUser','http://localhost:8080/loginAjax','0:0:0:0:0:0:0:1','liubei','2020-04-15 17:45:02','成功'),(129,'com.woniuxy.service.impl.PatientServiceImpl.findPatientByUserId','http://localhost:8080/apprecord/goBook','0:0:0:0:0:0:0:1','liubei','2020-04-15 17:45:12','成功'),(130,'com.woniuxy.service.impl.ScheduleServiceImpl.queryByDate','http://localhost:8080/schedule/queryByDate','0:0:0:0:0:0:0:1','liubei','2020-04-15 17:45:15','成功'),(131,'com.woniuxy.service.impl.SkillgroupServiceImpl.queryDoctorBySkillgroup','http://localhost:8080/emp/queryDoctorBySkillgroup','0:0:0:0:0:0:0:1','liubei','2020-04-15 17:45:15','成功'),(132,'com.woniuxy.service.impl.ProjectServiceImpl.queryBySkillgroup','http://localhost:8080/Project/queryBySkillgroup','0:0:0:0:0:0:0:1','liubei','2020-04-15 17:45:15','成功'),(133,'com.woniuxy.service.impl.EmpServiceImpl.queryDoctorByAroomId','http://localhost:8080/emp/queryDoctorBySkillgroup','0:0:0:0:0:0:0:1','liubei','2020-04-15 17:45:15','成功'),(134,'com.woniuxy.service.impl.UserServiceImpl.selectPermissionByUser','http://localhost:8080/loginAjax','0:0:0:0:0:0:0:1','liubei','2020-04-15 17:48:27','成功'),(135,'com.woniuxy.service.impl.PatientServiceImpl.findPatientByUserId','http://localhost:8080/apprecord/goBook','0:0:0:0:0:0:0:1','liubei','2020-04-15 17:48:32','成功'),(136,'com.woniuxy.service.impl.ScheduleServiceImpl.queryByDate','http://localhost:8080/schedule/queryByDate','0:0:0:0:0:0:0:1','liubei','2020-04-15 17:48:35','成功'),(137,'com.woniuxy.service.impl.ProjectServiceImpl.queryBySkillgroup','http://localhost:8080/Project/queryBySkillgroup','0:0:0:0:0:0:0:1','liubei','2020-04-15 17:48:35','成功'),(138,'com.woniuxy.service.impl.UserServiceImpl.selectPermissionByUser','http://localhost:8080/loginAjax','192.168.1.12','liubei','2020-04-15 17:53:37','成功'),(139,'com.woniuxy.service.impl.PatientServiceImpl.findPatientByUserId','http://localhost:8080/apprecord/goBook','192.168.1.12','liubei','2020-04-15 17:53:43','成功'),(140,'com.woniuxy.service.impl.ScheduleServiceImpl.queryByDate','http://localhost:8080/schedule/queryByDate','192.168.1.12','liubei','2020-04-15 17:53:46','成功'),(141,'com.woniuxy.service.impl.ProjectServiceImpl.queryBySkillgroup','http://localhost:8080/Project/queryBySkillgroup','192.168.1.12','liubei','2020-04-15 17:53:46','成功'),(142,'com.woniuxy.service.impl.SkillgroupServiceImpl.queryDoctorBySkillgroup','http://localhost:8080/emp/queryDoctorBySkillgroup','192.168.1.12','liubei','2020-04-15 17:53:46','成功'),(143,'com.woniuxy.service.impl.EmpServiceImpl.queryDoctorByAroomId','http://localhost:8080/emp/queryDoctorBySkillgroup','192.168.1.12','liubei','2020-04-15 17:53:46','成功'),(144,'com.woniuxy.service.impl.UserServiceImpl.selectPermissionByUser','http://localhost:8080/loginAjax','0:0:0:0:0:0:0:1','liubei','2020-04-15 17:59:52','成功'),(145,'com.woniuxy.service.impl.PatientServiceImpl.findPatientByUserId','http://localhost:8080/apprecord/goBook','0:0:0:0:0:0:0:1','liubei','2020-04-15 17:59:57','成功'),(146,'com.woniuxy.service.impl.ScheduleServiceImpl.queryByDate','http://localhost:8080/schedule/queryByDate','0:0:0:0:0:0:0:1','liubei','2020-04-15 18:00:00','成功'),(147,'com.woniuxy.service.impl.ProjectServiceImpl.queryBySkillgroup','http://localhost:8080/Project/queryBySkillgroup','0:0:0:0:0:0:0:1','liubei','2020-04-15 18:00:00','成功'),(148,'com.woniuxy.service.impl.SkillgroupServiceImpl.queryDoctorBySkillgroup','http://localhost:8080/emp/queryDoctorBySkillgroup','0:0:0:0:0:0:0:1','liubei','2020-04-15 18:00:00','成功'),(149,'com.woniuxy.service.impl.EmpServiceImpl.queryDoctorByAroomId','http://localhost:8080/emp/queryDoctorBySkillgroup','0:0:0:0:0:0:0:1','liubei','2020-04-15 18:00:01','成功'),(150,'com.woniuxy.service.impl.ScheduleServiceImpl.queryByDate','http://localhost:8080/schedule/queryByDate','0:0:0:0:0:0:0:1','liubei','2020-04-15 18:00:12','成功'),(151,'com.woniuxy.service.impl.ScheduleServiceImpl.queryByDate','http://localhost:8080/schedule/queryByDate','0:0:0:0:0:0:0:1','liubei','2020-04-15 18:00:12','成功'),(152,'com.woniuxy.service.impl.ProjectServiceImpl.queryBySkillgroup','http://localhost:8080/Project/queryBySkillgroup','0:0:0:0:0:0:0:1','liubei','2020-04-15 18:00:12','成功'),(153,'com.woniuxy.service.impl.SkillgroupServiceImpl.queryDoctorBySkillgroup','http://localhost:8080/emp/queryDoctorBySkillgroup','0:0:0:0:0:0:0:1','liubei','2020-04-15 18:00:12','成功'),(154,'com.woniuxy.service.impl.ProjectServiceImpl.queryBySkillgroup','http://localhost:8080/Project/queryBySkillgroup','0:0:0:0:0:0:0:1','liubei','2020-04-15 18:00:12','成功'),(155,'com.woniuxy.service.impl.SkillgroupServiceImpl.queryDoctorBySkillgroup','http://localhost:8080/emp/queryDoctorBySkillgroup','0:0:0:0:0:0:0:1','liubei','2020-04-15 18:00:12','成功'),(156,'com.woniuxy.service.impl.EmpServiceImpl.queryDoctorByAroomId','http://localhost:8080/emp/queryDoctorBySkillgroup','0:0:0:0:0:0:0:1','liubei','2020-04-15 18:00:12','成功'),(157,'com.woniuxy.service.impl.EmpServiceImpl.queryDoctorByAroomId','http://localhost:8080/emp/queryDoctorBySkillgroup','0:0:0:0:0:0:0:1','liubei','2020-04-15 18:00:12','成功'),(158,'com.woniuxy.service.impl.UserServiceImpl.selectPermissionByUser','http://localhost:8080/loginAjax','0:0:0:0:0:0:0:1','liubei','2020-04-15 18:01:30','成功'),(159,'com.woniuxy.service.impl.UserServiceImpl.selectPermissionByUser','http://localhost:8080/loginAjax','0:0:0:0:0:0:0:1','liubei','2020-04-15 18:06:09','成功'),(160,'com.woniuxy.service.impl.PatientServiceImpl.findPatientByUserId','http://localhost:8080/apprecord/goBook','0:0:0:0:0:0:0:1','liubei','2020-04-15 18:06:28','成功'),(161,'com.woniuxy.service.impl.ScheduleServiceImpl.queryByDate','http://localhost:8080/schedule/queryByDate','0:0:0:0:0:0:0:1','liubei','2020-04-15 18:06:31','成功'),(162,'com.woniuxy.service.impl.ProjectServiceImpl.queryBySkillgroup','http://localhost:8080/Project/queryBySkillgroup','0:0:0:0:0:0:0:1','liubei','2020-04-15 18:06:31','成功'),(163,'com.woniuxy.service.impl.PatientServiceImpl.findPatientByUserId','http://localhost:8080/apprecord/goBook','0:0:0:0:0:0:0:1','liubei','2020-04-15 18:06:45','成功'),(164,'com.woniuxy.service.impl.ScheduleServiceImpl.queryByDate','http://localhost:8080/schedule/queryByDate','0:0:0:0:0:0:0:1','liubei','2020-04-15 18:06:47','成功'),(165,'com.woniuxy.service.impl.ProjectServiceImpl.queryBySkillgroup','http://localhost:8080/Project/queryBySkillgroup','0:0:0:0:0:0:0:1','liubei','2020-04-15 18:06:47','成功'),(166,'com.woniuxy.service.impl.PatientServiceImpl.findPatientByUserId','http://localhost:8080/apprecord/goBook','0:0:0:0:0:0:0:1','liubei','2020-04-15 18:08:08','成功'),(167,'com.woniuxy.service.impl.ScheduleServiceImpl.queryByDate','http://localhost:8080/schedule/queryByDate','0:0:0:0:0:0:0:1','liubei','2020-04-15 18:08:11','成功'),(168,'com.woniuxy.service.impl.ProjectServiceImpl.queryBySkillgroup','http://localhost:8080/Project/queryBySkillgroup','0:0:0:0:0:0:0:1','liubei','2020-04-15 18:08:11','成功'),(169,'com.woniuxy.service.impl.ScheduleServiceImpl.queryByDate','http://localhost:8080/schedule/queryByDate','0:0:0:0:0:0:0:1','liubei','2020-04-15 18:08:17','成功'),(170,'com.woniuxy.service.impl.ProjectServiceImpl.queryBySkillgroup','http://localhost:8080/Project/queryBySkillgroup','0:0:0:0:0:0:0:1','liubei','2020-04-15 18:08:18','成功'),(171,'com.woniuxy.service.impl.ScheduleServiceImpl.queryByDate','http://localhost:8080/schedule/queryByDate','0:0:0:0:0:0:0:1','liubei','2020-04-15 18:08:18','成功'),(172,'com.woniuxy.service.impl.ProjectServiceImpl.queryBySkillgroup','http://localhost:8080/Project/queryBySkillgroup','0:0:0:0:0:0:0:1','liubei','2020-04-15 18:08:18','成功'),(173,'com.woniuxy.service.impl.UserServiceImpl.selectPermissionByUser','http://localhost:8080/loginAjax','0:0:0:0:0:0:0:1','liubei','2020-04-15 18:08:24','成功'),(174,'com.woniuxy.service.impl.PatientServiceImpl.findPatientByUserId','http://localhost:8080/apprecord/goBook','0:0:0:0:0:0:0:1','liubei','2020-04-15 18:08:26','成功'),(175,'com.woniuxy.service.impl.ScheduleServiceImpl.queryByDate','http://localhost:8080/schedule/queryByDate','0:0:0:0:0:0:0:1','liubei','2020-04-15 18:08:28','成功'),(176,'com.woniuxy.service.impl.ProjectServiceImpl.queryBySkillgroup','http://localhost:8080/Project/queryBySkillgroup','0:0:0:0:0:0:0:1','liubei','2020-04-15 18:08:28','成功'),(177,'com.woniuxy.service.impl.UserServiceImpl.selectPermissionByUser','http://localhost:8080/loginAjax','192.168.1.12','liubei','2020-04-15 18:11:00','成功'),(178,'com.woniuxy.service.impl.PatientServiceImpl.findPatientByUserId','http://localhost:8080/apprecord/goBook','0:0:0:0:0:0:0:1','liubei','2020-04-15 18:11:06','成功'),(179,'com.woniuxy.service.impl.ScheduleServiceImpl.queryByDate','http://localhost:8080/schedule/queryByDate','0:0:0:0:0:0:0:1','liubei','2020-04-15 18:11:10','成功'),(180,'com.woniuxy.service.impl.ProjectServiceImpl.queryBySkillgroup','http://localhost:8080/Project/queryBySkillgroup','0:0:0:0:0:0:0:1','liubei','2020-04-15 18:11:10','成功'),(181,'com.woniuxy.service.impl.SkillgroupServiceImpl.queryDoctorBySkillgroup','http://localhost:8080/emp/queryDoctorBySkillgroup','0:0:0:0:0:0:0:1','liubei','2020-04-15 18:11:10','成功'),(182,'com.woniuxy.service.impl.EmpServiceImpl.queryDoctorByAroomId','http://localhost:8080/emp/queryDoctorBySkillgroup','0:0:0:0:0:0:0:1','liubei','2020-04-15 18:11:10','成功'),(183,'com.woniuxy.service.impl.PatientServiceImpl.findPatientByUserId','http://localhost:8080/apprecord/goBook','0:0:0:0:0:0:0:1','liubei','2020-04-15 18:11:35','成功'),(184,'com.woniuxy.service.impl.ScheduleServiceImpl.queryByDate','http://localhost:8080/schedule/queryByDate','0:0:0:0:0:0:0:1','liubei','2020-04-15 18:11:38','成功'),(185,'com.woniuxy.service.impl.ProjectServiceImpl.queryBySkillgroup','http://localhost:8080/Project/queryBySkillgroup','0:0:0:0:0:0:0:1','liubei','2020-04-15 18:11:38','成功'),(186,'com.woniuxy.service.impl.SkillgroupServiceImpl.queryDoctorBySkillgroup','http://localhost:8080/emp/queryDoctorBySkillgroup','0:0:0:0:0:0:0:1','liubei','2020-04-15 18:11:38','成功'),(187,'com.woniuxy.service.impl.EmpServiceImpl.queryDoctorByAroomId','http://localhost:8080/emp/queryDoctorBySkillgroup','0:0:0:0:0:0:0:1','liubei','2020-04-15 18:11:38','成功'),(188,'com.woniuxy.service.impl.UserServiceImpl.selectPermissionByUser','http://localhost:8080/loginAjax','0:0:0:0:0:0:0:1','twk','2020-04-15 18:12:05','成功'),(189,'com.woniuxy.service.impl.PatientServiceImpl.findPatientByUserId','http://localhost:8080/apprecord/goBook','0:0:0:0:0:0:0:1','twk','2020-04-15 18:12:16','成功'),(190,'com.woniuxy.service.impl.ApprecordServiceImpl.countAll','http://localhost:8080/apprecord/findAllByPage','0:0:0:0:0:0:0:1','twk','2020-04-15 18:16:30','成功'),(191,'com.woniuxy.service.impl.ApprecordServiceImpl.findAllByPage','http://localhost:8080/apprecord/findAllByPage','0:0:0:0:0:0:0:1','twk','2020-04-15 18:16:30','成功'),(192,'com.woniuxy.service.impl.UserServiceImpl.selectPermissionByUser','http://localhost:8080/loginAjax','0:0:0:0:0:0:0:1','liubei','2020-04-15 18:16:46','成功'),(193,'com.woniuxy.service.impl.PatientServiceImpl.findPatientByUserId','http://localhost:8080/apprecord/goBook','0:0:0:0:0:0:0:1','liubei','2020-04-15 18:16:49','成功'),(194,'com.woniuxy.service.impl.ScheduleServiceImpl.queryByDate','http://localhost:8080/schedule/queryByDate','0:0:0:0:0:0:0:1','liubei','2020-04-15 18:16:51','成功'),(195,'com.woniuxy.service.impl.ProjectServiceImpl.queryBySkillgroup','http://localhost:8080/Project/queryBySkillgroup','0:0:0:0:0:0:0:1','liubei','2020-04-15 18:16:51','成功'),(196,'com.woniuxy.service.impl.UserServiceImpl.selectPermissionByUser','http://localhost:8080/loginAjax','0:0:0:0:0:0:0:1','liubei','2020-04-15 18:17:37','成功'),(197,'com.woniuxy.service.impl.PatientServiceImpl.findPatientByUserId','http://localhost:8080/apprecord/goBook','0:0:0:0:0:0:0:1','liubei','2020-04-15 18:17:42','成功'),(198,'com.woniuxy.service.impl.ScheduleServiceImpl.queryByDate','http://localhost:8080/schedule/queryByDate','0:0:0:0:0:0:0:1','liubei','2020-04-15 18:17:44','成功'),(199,'com.woniuxy.service.impl.ProjectServiceImpl.queryBySkillgroup','http://localhost:8080/Project/queryBySkillgroup','0:0:0:0:0:0:0:1','liubei','2020-04-15 18:17:44','成功'),(200,'com.woniuxy.service.impl.SkillgroupServiceImpl.queryDoctorBySkillgroup','http://localhost:8080/emp/queryDoctorBySkillgroup','0:0:0:0:0:0:0:1','liubei','2020-04-15 18:17:44','成功'),(201,'com.woniuxy.service.impl.EmpServiceImpl.queryDoctorByAroomId','http://localhost:8080/emp/queryDoctorBySkillgroup','0:0:0:0:0:0:0:1','liubei','2020-04-15 18:17:45','成功'),(202,'com.woniuxy.service.impl.ApprecordServiceImpl.book','http://localhost:8080/apprecord/book','0:0:0:0:0:0:0:1','liubei','2020-04-15 18:17:46','成功'),(203,'com.woniuxy.service.impl.UserServiceImpl.selectPermissionByUser','http://localhost:8080/loginAjax','0:0:0:0:0:0:0:1','twk','2020-04-15 18:17:59','成功'),(204,'com.woniuxy.service.impl.PatientServiceImpl.findPatientByUserId','http://localhost:8080/apprecord/goBook','0:0:0:0:0:0:0:1','twk','2020-04-15 18:18:03','成功'),(205,'com.woniuxy.service.impl.ApprecordServiceImpl.countAll','http://localhost:8080/apprecord/findAllByPage','0:0:0:0:0:0:0:1','twk','2020-04-15 18:18:06','成功'),(206,'com.woniuxy.service.impl.ApprecordServiceImpl.countAll','http://localhost:8080/apprecord/findAllByPage','0:0:0:0:0:0:0:1','twk','2020-04-15 18:18:25','成功'),(207,'com.woniuxy.service.impl.PatientServiceImpl.findPatientByUserId','http://localhost:8080/apprecord/goBook','0:0:0:0:0:0:0:1','twk','2020-04-15 18:18:28','成功'),(208,'com.woniuxy.service.impl.ApprecordServiceImpl.countAll','http://localhost:8080/apprecord/findAllByPage','0:0:0:0:0:0:0:1','twk','2020-04-15 18:18:30','成功'),(209,'com.woniuxy.service.impl.UserServiceImpl.selectPermissionByUser','http://localhost:8080/loginAjax','0:0:0:0:0:0:0:1','twk','2020-04-15 18:23:50','成功'),(210,'com.woniuxy.service.impl.ApprecordServiceImpl.countAll','http://localhost:8080/apprecord/findAllByPage','0:0:0:0:0:0:0:1','twk','2020-04-15 18:23:56','成功'),(211,'com.woniuxy.service.impl.UserServiceImpl.selectPermissionByUser','http://localhost:8080/loginAjax','0:0:0:0:0:0:0:1','twk','2020-04-15 18:25:10','成功'),(212,'com.woniuxy.service.impl.ApprecordServiceImpl.countAll','http://localhost:8080/apprecord/findAllByPage','0:0:0:0:0:0:0:1','twk','2020-04-15 18:25:14','成功'),(213,'com.woniuxy.service.impl.ApprecordServiceImpl.findAllByPage','http://localhost:8080/apprecord/findAllByPage','0:0:0:0:0:0:0:1','twk','2020-04-15 18:25:14','成功'),(214,'com.woniuxy.service.impl.ApprecordServiceImpl.findOne','http://localhost:8080/apprecord/confirm','0:0:0:0:0:0:0:1','twk','2020-04-15 18:25:20','成功'),(215,'com.woniuxy.service.impl.ApprecordServiceImpl.update','http://localhost:8080/apprecord/confirm','0:0:0:0:0:0:0:1','twk','2020-04-15 18:25:20','成功'),(216,'com.woniuxy.service.impl.ApprecordServiceImpl.getAroomByProjectId','http://localhost:8080/apprecord/confirm','0:0:0:0:0:0:0:1','twk','2020-04-15 18:25:20','成功'),(217,'com.woniuxy.service.impl.AroomServiceImpl.findOne','http://localhost:8080/apprecord/confirm','0:0:0:0:0:0:0:1','twk','2020-04-15 18:25:22','成功'),(218,'com.woniuxy.service.impl.ApprecordServiceImpl.countAll','http://localhost:8080/apprecord/findAllByPage','0:0:0:0:0:0:0:1','twk','2020-04-15 18:25:23','成功'),(219,'com.woniuxy.service.impl.ApprecordServiceImpl.findAllByPage','http://localhost:8080/apprecord/findAllByPage','0:0:0:0:0:0:0:1','twk','2020-04-15 18:25:23','成功'),(220,'com.woniuxy.service.impl.UserServiceImpl.selectPermissionByUser','http://localhost:8080/loginAjax','0:0:0:0:0:0:0:1','liubei','2020-04-15 18:26:01','成功'),(221,'com.woniuxy.service.impl.PatientServiceImpl.findPatientByUserId','http://localhost:8080/apprecord/goBook','0:0:0:0:0:0:0:1','liubei','2020-04-15 18:26:10','成功'),(222,'com.woniuxy.service.impl.ScheduleServiceImpl.queryByDate','http://localhost:8080/schedule/queryByDate','0:0:0:0:0:0:0:1','liubei','2020-04-15 18:26:13','成功'),(223,'com.woniuxy.service.impl.ProjectServiceImpl.queryBySkillgroup','http://localhost:8080/Project/queryBySkillgroup','0:0:0:0:0:0:0:1','liubei','2020-04-15 18:26:13','成功'),(224,'com.woniuxy.service.impl.SkillgroupServiceImpl.queryDoctorBySkillgroup','http://localhost:8080/emp/queryDoctorBySkillgroup','0:0:0:0:0:0:0:1','liubei','2020-04-15 18:26:13','成功'),(225,'com.woniuxy.service.impl.EmpServiceImpl.queryDoctorByAroomId','http://localhost:8080/emp/queryDoctorBySkillgroup','0:0:0:0:0:0:0:1','liubei','2020-04-15 18:26:14','成功'),(226,'com.woniuxy.service.impl.ApprecordServiceImpl.book','http://localhost:8080/apprecord/book','0:0:0:0:0:0:0:1','liubei','2020-04-15 18:26:15','成功'),(227,'com.woniuxy.service.impl.PatientServiceImpl.findPatientByUserId','http://localhost:8080/apprecord/goBook','0:0:0:0:0:0:0:1','liubei','2020-04-15 18:26:18','成功'),(228,'com.woniuxy.service.impl.ScheduleServiceImpl.queryByDate','http://localhost:8080/schedule/queryByDate','0:0:0:0:0:0:0:1','liubei','2020-04-15 18:26:21','成功'),(229,'com.woniuxy.service.impl.SkillgroupServiceImpl.queryDoctorBySkillgroup','http://localhost:8080/emp/queryDoctorBySkillgroup','0:0:0:0:0:0:0:1','liubei','2020-04-15 18:26:21','成功'),(230,'com.woniuxy.service.impl.ProjectServiceImpl.queryBySkillgroup','http://localhost:8080/Project/queryBySkillgroup','0:0:0:0:0:0:0:1','liubei','2020-04-15 18:26:21','成功'),(231,'com.woniuxy.service.impl.EmpServiceImpl.queryDoctorByAroomId','http://localhost:8080/emp/queryDoctorBySkillgroup','0:0:0:0:0:0:0:1','liubei','2020-04-15 18:26:21','成功'),(232,'com.woniuxy.service.impl.ApprecordServiceImpl.book','http://localhost:8080/apprecord/book','0:0:0:0:0:0:0:1','liubei','2020-04-15 18:26:22','成功'),(233,'com.woniuxy.service.impl.PatientServiceImpl.findPatientByUserId','http://localhost:8080/apprecord/goBook','0:0:0:0:0:0:0:1','liubei','2020-04-15 18:26:24','成功'),(234,'com.woniuxy.service.impl.ScheduleServiceImpl.queryByDate','http://localhost:8080/schedule/queryByDate','0:0:0:0:0:0:0:1','liubei','2020-04-15 18:26:27','成功'),(235,'com.woniuxy.service.impl.SkillgroupServiceImpl.queryDoctorBySkillgroup','http://localhost:8080/emp/queryDoctorBySkillgroup','0:0:0:0:0:0:0:1','liubei','2020-04-15 18:26:27','成功'),(236,'com.woniuxy.service.impl.ProjectServiceImpl.queryBySkillgroup','http://localhost:8080/Project/queryBySkillgroup','0:0:0:0:0:0:0:1','liubei','2020-04-15 18:26:27','成功'),(237,'com.woniuxy.service.impl.EmpServiceImpl.queryDoctorByAroomId','http://localhost:8080/emp/queryDoctorBySkillgroup','0:0:0:0:0:0:0:1','liubei','2020-04-15 18:26:27','成功'),(238,'com.woniuxy.service.impl.ApprecordServiceImpl.book','http://localhost:8080/apprecord/book','0:0:0:0:0:0:0:1','liubei','2020-04-15 18:26:28','成功'),(239,'com.woniuxy.service.impl.UserServiceImpl.selectPermissionByUser','http://localhost:8080/loginAjax','0:0:0:0:0:0:0:1','twk','2020-04-15 18:26:36','成功'),(240,'com.woniuxy.service.impl.ApprecordServiceImpl.countAll','http://localhost:8080/apprecord/findAllByPage','0:0:0:0:0:0:0:1','twk','2020-04-15 18:26:40','成功'),(241,'com.woniuxy.service.impl.ApprecordServiceImpl.findAllByPage','http://localhost:8080/apprecord/findAllByPage','0:0:0:0:0:0:0:1','twk','2020-04-15 18:26:40','成功'),(242,'com.woniuxy.service.impl.ApprecordServiceImpl.findOne','http://localhost:8080/apprecord/confirm','0:0:0:0:0:0:0:1','twk','2020-04-15 18:26:46','成功'),(243,'com.woniuxy.service.impl.ApprecordServiceImpl.update','http://localhost:8080/apprecord/confirm','0:0:0:0:0:0:0:1','twk','2020-04-15 18:26:47','成功'),(244,'com.woniuxy.service.impl.ApprecordServiceImpl.getAroomByProjectId','http://localhost:8080/apprecord/confirm','0:0:0:0:0:0:0:1','twk','2020-04-15 18:26:47','成功'),(245,'com.woniuxy.service.impl.AroomServiceImpl.findOne','http://localhost:8080/apprecord/confirm','0:0:0:0:0:0:0:1','twk','2020-04-15 18:26:47','成功'),(246,'com.woniuxy.service.impl.ApprecordServiceImpl.countAll','http://localhost:8080/apprecord/findAllByPage','0:0:0:0:0:0:0:1','twk','2020-04-15 18:26:47','成功'),(247,'com.woniuxy.service.impl.ApprecordServiceImpl.findAllByPage','http://localhost:8080/apprecord/findAllByPage','0:0:0:0:0:0:0:1','twk','2020-04-15 18:26:47','成功'),(248,'com.woniuxy.service.impl.ApprecordServiceImpl.findOne','http://localhost:8080/apprecord/confirm','0:0:0:0:0:0:0:1','twk','2020-04-15 18:26:49','成功'),(249,'com.woniuxy.service.impl.ApprecordServiceImpl.update','http://localhost:8080/apprecord/confirm','0:0:0:0:0:0:0:1','twk','2020-04-15 18:26:49','成功'),(250,'com.woniuxy.service.impl.ApprecordServiceImpl.getAroomByProjectId','http://localhost:8080/apprecord/confirm','0:0:0:0:0:0:0:1','twk','2020-04-15 18:26:49','成功'),(251,'com.woniuxy.service.impl.AroomServiceImpl.findOne','http://localhost:8080/apprecord/confirm','0:0:0:0:0:0:0:1','twk','2020-04-15 18:26:49','成功'),(252,'com.woniuxy.service.impl.ApprecordServiceImpl.countAll','http://localhost:8080/apprecord/findAllByPage','0:0:0:0:0:0:0:1','twk','2020-04-15 18:26:50','成功'),(253,'com.woniuxy.service.impl.ApprecordServiceImpl.findAllByPage','http://localhost:8080/apprecord/findAllByPage','0:0:0:0:0:0:0:1','twk','2020-04-15 18:26:50','成功'),(254,'com.woniuxy.service.impl.ApprecordServiceImpl.findOne','http://localhost:8080/apprecord/confirm','0:0:0:0:0:0:0:1','twk','2020-04-15 18:26:51','成功'),(255,'com.woniuxy.service.impl.ApprecordServiceImpl.update','http://localhost:8080/apprecord/confirm','0:0:0:0:0:0:0:1','twk','2020-04-15 18:26:51','成功'),(256,'com.woniuxy.service.impl.ApprecordServiceImpl.getAroomByProjectId','http://localhost:8080/apprecord/confirm','0:0:0:0:0:0:0:1','twk','2020-04-15 18:26:51','成功'),(257,'com.woniuxy.service.impl.AroomServiceImpl.findOne','http://localhost:8080/apprecord/confirm','0:0:0:0:0:0:0:1','twk','2020-04-15 18:26:51','成功'),(258,'com.woniuxy.service.impl.ApprecordServiceImpl.countAll','http://localhost:8080/apprecord/findAllByPage','0:0:0:0:0:0:0:1','twk','2020-04-15 18:26:52','成功'),(259,'com.woniuxy.service.impl.ApprecordServiceImpl.findAllByPage','http://localhost:8080/apprecord/findAllByPage','0:0:0:0:0:0:0:1','twk','2020-04-15 18:26:52','成功'),(260,'com.woniuxy.service.impl.ApprecordServiceImpl.findOne','http://localhost:8080/apprecord/confirm','0:0:0:0:0:0:0:1','twk','2020-04-15 18:26:53','成功'),(261,'com.woniuxy.service.impl.ApprecordServiceImpl.update','http://localhost:8080/apprecord/confirm','0:0:0:0:0:0:0:1','twk','2020-04-15 18:26:54','成功'),(262,'com.woniuxy.service.impl.ApprecordServiceImpl.getAroomByProjectId','http://localhost:8080/apprecord/confirm','0:0:0:0:0:0:0:1','twk','2020-04-15 18:26:54','成功'),(263,'com.woniuxy.service.impl.AroomServiceImpl.findOne','http://localhost:8080/apprecord/confirm','0:0:0:0:0:0:0:1','twk','2020-04-15 18:26:54','成功'),(264,'com.woniuxy.service.impl.ApprecordServiceImpl.countAll','http://localhost:8080/apprecord/findAllByPage','0:0:0:0:0:0:0:1','twk','2020-04-15 18:26:54','成功'),(265,'com.woniuxy.service.impl.ApprecordServiceImpl.findAllByPage','http://localhost:8080/apprecord/findAllByPage','0:0:0:0:0:0:0:1','twk','2020-04-15 18:26:54','成功'),(266,'com.woniuxy.service.impl.ApprecordServiceImpl.findOne','http://localhost:8080/apprecord/confirm','0:0:0:0:0:0:0:1','twk','2020-04-15 18:26:55','成功'),(267,'com.woniuxy.service.impl.ApprecordServiceImpl.update','http://localhost:8080/apprecord/confirm','0:0:0:0:0:0:0:1','twk','2020-04-15 18:26:56','成功'),(268,'com.woniuxy.service.impl.ApprecordServiceImpl.getAroomByProjectId','http://localhost:8080/apprecord/confirm','0:0:0:0:0:0:0:1','twk','2020-04-15 18:26:56','成功'),(269,'com.woniuxy.service.impl.AroomServiceImpl.findOne','http://localhost:8080/apprecord/confirm','0:0:0:0:0:0:0:1','twk','2020-04-15 18:26:56','成功'),(270,'com.woniuxy.service.impl.ApprecordServiceImpl.countAll','http://localhost:8080/apprecord/findAllByPage','0:0:0:0:0:0:0:1','twk','2020-04-15 18:26:56','成功'),(271,'com.woniuxy.service.impl.ApprecordServiceImpl.findAllByPage','http://localhost:8080/apprecord/findAllByPage','0:0:0:0:0:0:0:1','twk','2020-04-15 18:26:56','成功'),(272,'com.woniuxy.service.impl.AroomServiceImpl.findAll','http://localhost:8080/queue/addUI','0:0:0:0:0:0:0:1','twk','2020-04-15 18:27:48','成功'),(273,'com.woniuxy.service.impl.SourceServiceImpl.queryByPage','http://localhost:8080/source/queryByPage','0:0:0:0:0:0:0:1','twk','2020-04-15 18:28:04','成功'),(274,'com.woniuxy.service.impl.SourceServiceImpl.countByPage','http://localhost:8080/source/queryByPage','0:0:0:0:0:0:0:1','twk','2020-04-15 18:28:04','成功'),(275,'com.woniuxy.service.impl.ScheduleServiceImpl.countAll','http://localhost:8080/schedule/findAllByPage','0:0:0:0:0:0:0:1','twk','2020-04-15 18:28:11','成功'),(276,'com.woniuxy.service.impl.ScheduleServiceImpl.findAllByPage','http://localhost:8080/schedule/findAllByPage','0:0:0:0:0:0:0:1','twk','2020-04-15 18:28:11','成功'),(277,'com.woniuxy.service.impl.SkillgroupServiceImpl.findAll','http://localhost:8080/schedule/goSave','0:0:0:0:0:0:0:1','twk','2020-04-15 18:28:17','成功'),(278,'com.woniuxy.service.impl.ScheduleServiceImpl.countAll','http://localhost:8080/schedule/findAllByPage','0:0:0:0:0:0:0:1','twk','2020-04-15 18:29:29','成功'),(279,'com.woniuxy.service.impl.ScheduleServiceImpl.findAllByPage','http://localhost:8080/schedule/findAllByPage','0:0:0:0:0:0:0:1','twk','2020-04-15 18:29:29','成功'),(280,'com.woniuxy.service.impl.ScheduleServiceImpl.countAll','http://localhost:8080/schedule/findAllByPage','0:0:0:0:0:0:0:1','twk','2020-04-15 18:29:36','成功'),(281,'com.woniuxy.service.impl.ScheduleServiceImpl.findAllByPage','http://localhost:8080/schedule/findAllByPage','0:0:0:0:0:0:0:1','twk','2020-04-15 18:29:36','成功'),(282,'com.woniuxy.service.impl.ScheduleServiceImpl.countAll','http://localhost:8080/schedule/findAllByPage','0:0:0:0:0:0:0:1','twk','2020-04-15 18:34:26','成功'),(283,'com.woniuxy.service.impl.ScheduleServiceImpl.findAllByPage','http://localhost:8080/schedule/findAllByPage','0:0:0:0:0:0:0:1','twk','2020-04-15 18:34:26','成功'),(284,'com.woniuxy.service.impl.SkillgroupServiceImpl.findAll','http://localhost:8080/schedule/goSave','0:0:0:0:0:0:0:1','twk','2020-04-15 18:34:31','成功'),(285,'com.woniuxy.service.impl.SourceServiceImpl.queryByPage','http://localhost:8080/source/queryByPage','0:0:0:0:0:0:0:1','twk','2020-04-15 18:34:49','成功'),(286,'com.woniuxy.service.impl.SourceServiceImpl.countByPage','http://localhost:8080/source/queryByPage','0:0:0:0:0:0:0:1','twk','2020-04-15 18:34:50','成功'),(287,'com.woniuxy.service.impl.PatientServiceImpl.countAll','http://localhost:8080/patient/findAllByPage','0:0:0:0:0:0:0:1','twk','2020-04-15 18:34:55','成功'),(288,'com.woniuxy.service.impl.PatientServiceImpl.findAllByPageBean','http://localhost:8080/patient/findAllByPage','0:0:0:0:0:0:0:1','twk','2020-04-15 18:34:55','成功'),(289,'com.woniuxy.service.impl.PermissionServiceImpl.findAll','http://localhost:8080/permission/loadData','0:0:0:0:0:0:0:1','twk','2020-04-15 18:34:57','成功'),(290,'com.woniuxy.service.impl.AcceslogServiceImpl.queryByPage','http://localhost:8080/accesslog/queryByPage','0:0:0:0:0:0:0:1','twk','2020-04-15 18:35:00','成功'),(291,'com.woniuxy.service.impl.AcceslogServiceImpl.countByPage','http://localhost:8080/accesslog/queryByPage','0:0:0:0:0:0:0:1','twk','2020-04-15 18:35:00','成功'),(292,'com.woniuxy.service.impl.AcceslogServiceImpl.queryByPage','http://localhost:8080/accesslog/queryByPage','0:0:0:0:0:0:0:1','twk','2020-04-15 18:38:37','成功'),(293,'com.woniuxy.service.impl.AcceslogServiceImpl.countByPage','http://localhost:8080/accesslog/queryByPage','0:0:0:0:0:0:0:1','twk','2020-04-15 18:38:37','成功'),(294,'com.woniuxy.service.impl.ScheduleServiceImpl.countAll','http://localhost:8080/schedule/findAllByPage','0:0:0:0:0:0:0:1','twk','2020-04-15 18:38:48','成功'),(295,'com.woniuxy.service.impl.ScheduleServiceImpl.findAllByPage','http://localhost:8080/schedule/findAllByPage','0:0:0:0:0:0:0:1','twk','2020-04-15 18:38:49','成功'),(296,'com.woniuxy.service.impl.ApprecordServiceImpl.countAll','http://localhost:8080/apprecord/findAllByPage','0:0:0:0:0:0:0:1','twk','2020-04-15 18:39:14','成功'),(297,'com.woniuxy.service.impl.ApprecordServiceImpl.findAllByPage','http://localhost:8080/apprecord/findAllByPage','0:0:0:0:0:0:0:1','twk','2020-04-15 18:39:14','成功'),(298,'com.woniuxy.service.impl.PatientServiceImpl.findPatientByUserId','http://localhost:8080/apprecord/goBook','0:0:0:0:0:0:0:1','twk','2020-04-15 18:39:36','成功'),(299,'com.woniuxy.service.impl.ApprecordServiceImpl.countAll','http://localhost:8080/apprecord/findAllByPage','0:0:0:0:0:0:0:1','twk','2020-04-15 18:39:39','成功'),(300,'com.woniuxy.service.impl.ApprecordServiceImpl.findAllByPage','http://localhost:8080/apprecord/findAllByPage','0:0:0:0:0:0:0:1','twk','2020-04-15 18:39:40','成功'),(301,'com.woniuxy.service.impl.ApprecordServiceImpl.findOne','http://localhost:8080/apprecord/findOne','0:0:0:0:0:0:0:1','twk','2020-04-15 18:39:54','成功'),(302,'com.woniuxy.service.impl.ApprecordServiceImpl.update','http://localhost:8080/apprecord/update','0:0:0:0:0:0:0:1','twk','2020-04-15 18:39:58','成功'),(303,'com.woniuxy.service.impl.ApprecordServiceImpl.countAll','http://localhost:8080/apprecord/findAllByPage','0:0:0:0:0:0:0:1','twk','2020-04-15 18:39:58','成功'),(304,'com.woniuxy.service.impl.ApprecordServiceImpl.findAllByPage','http://localhost:8080/apprecord/findAllByPage','0:0:0:0:0:0:0:1','twk','2020-04-15 18:39:58','成功'),(305,'com.woniuxy.service.impl.ApprecordServiceImpl.findOne','http://localhost:8080/apprecord/findOne','0:0:0:0:0:0:0:1','twk','2020-04-15 18:39:59','成功'),(306,'com.woniuxy.service.impl.ApprecordServiceImpl.countAll','http://localhost:8080/apprecord/findAllByPage','0:0:0:0:0:0:0:1','twk','2020-04-15 18:40:03','成功'),(307,'com.woniuxy.service.impl.ApprecordServiceImpl.findAllByPage','http://localhost:8080/apprecord/findAllByPage','0:0:0:0:0:0:0:1','twk','2020-04-15 18:40:03','成功'),(308,'com.woniuxy.service.impl.ApprecordServiceImpl.findOne','http://localhost:8080/apprecord/findOne','0:0:0:0:0:0:0:1','twk','2020-04-15 18:40:04','成功'),(309,'com.woniuxy.service.impl.ApprecordServiceImpl.update','http://localhost:8080/apprecord/update','0:0:0:0:0:0:0:1','twk','2020-04-15 18:40:07','成功'),(310,'com.woniuxy.service.impl.ApprecordServiceImpl.countAll','http://localhost:8080/apprecord/findAllByPage','0:0:0:0:0:0:0:1','twk','2020-04-15 18:40:08','成功'),(311,'com.woniuxy.service.impl.ApprecordServiceImpl.findAllByPage','http://localhost:8080/apprecord/findAllByPage','0:0:0:0:0:0:0:1','twk','2020-04-15 18:40:08','成功'),(312,'com.woniuxy.service.impl.ApprecordServiceImpl.findOne','http://localhost:8080/apprecord/findOne','0:0:0:0:0:0:0:1','twk','2020-04-15 18:40:09','成功'),(313,'com.woniuxy.service.impl.ApprecordServiceImpl.update','http://localhost:8080/apprecord/update','0:0:0:0:0:0:0:1','twk','2020-04-15 18:40:12','成功'),(314,'com.woniuxy.service.impl.ApprecordServiceImpl.countAll','http://localhost:8080/apprecord/findAllByPage','0:0:0:0:0:0:0:1','twk','2020-04-15 18:40:12','成功'),(315,'com.woniuxy.service.impl.ApprecordServiceImpl.findAllByPage','http://localhost:8080/apprecord/findAllByPage','0:0:0:0:0:0:0:1','twk','2020-04-15 18:40:12','成功'),(316,'com.woniuxy.service.impl.ApprecordServiceImpl.findOne','http://localhost:8080/apprecord/confirm','0:0:0:0:0:0:0:1','twk','2020-04-15 18:40:35','成功'),(317,'com.woniuxy.service.impl.ApprecordServiceImpl.update','http://localhost:8080/apprecord/confirm','0:0:0:0:0:0:0:1','twk','2020-04-15 18:40:35','成功'),(318,'com.woniuxy.service.impl.ApprecordServiceImpl.getAroomByProjectId','http://localhost:8080/apprecord/confirm','0:0:0:0:0:0:0:1','twk','2020-04-15 18:40:35','成功'),(319,'com.woniuxy.service.impl.AroomServiceImpl.findOne','http://localhost:8080/apprecord/confirm','0:0:0:0:0:0:0:1','twk','2020-04-15 18:40:35','成功'),(320,'com.woniuxy.service.impl.ApprecordServiceImpl.countAll','http://localhost:8080/apprecord/findAllByPage','0:0:0:0:0:0:0:1','twk','2020-04-15 18:40:36','成功'),(321,'com.woniuxy.service.impl.ApprecordServiceImpl.findAllByPage','http://localhost:8080/apprecord/findAllByPage','0:0:0:0:0:0:0:1','twk','2020-04-15 18:40:36','成功'),(322,'com.woniuxy.service.impl.UserServiceImpl.selectPermissionByUser','http://localhost:8080/loginAjax','0:0:0:0:0:0:0:1','twk','2020-04-15 18:44:35','成功'),(323,'com.woniuxy.service.impl.ApprecordServiceImpl.countAll','http://localhost:8080/apprecord/findAllByPage','0:0:0:0:0:0:0:1','twk','2020-04-15 18:44:39','成功'),(324,'com.woniuxy.service.impl.ApprecordServiceImpl.findAllByPage','http://localhost:8080/apprecord/findAllByPage','0:0:0:0:0:0:0:1','twk','2020-04-15 18:44:40','成功'),(325,'com.woniuxy.service.impl.UserServiceImpl.selectPermissionByUser','http://localhost:8080/loginAjax','0:0:0:0:0:0:0:1','twk','2020-04-15 18:46:39','成功'),(326,'com.woniuxy.service.impl.PatientServiceImpl.findPatientByUserId','http://localhost:8080/apprecord/goBook','0:0:0:0:0:0:0:1','twk','2020-04-15 18:47:11','成功'),(327,'com.woniuxy.service.impl.ScheduleServiceImpl.queryByDate','http://localhost:8080/schedule/queryByDate','0:0:0:0:0:0:0:1','twk','2020-04-15 18:47:16','成功'),(328,'com.woniuxy.service.impl.ProjectServiceImpl.queryBySkillgroup','http://localhost:8080/Project/queryBySkillgroup','0:0:0:0:0:0:0:1','twk','2020-04-15 18:47:16','成功'),(329,'com.woniuxy.service.impl.SkillgroupServiceImpl.queryDoctorBySkillgroup','http://localhost:8080/emp/queryDoctorBySkillgroup','0:0:0:0:0:0:0:1','twk','2020-04-15 18:47:16','成功'),(330,'com.woniuxy.service.impl.EmpServiceImpl.queryDoctorByAroomId','http://localhost:8080/emp/queryDoctorBySkillgroup','0:0:0:0:0:0:0:1','twk','2020-04-15 18:47:16','成功'),(331,'com.woniuxy.service.impl.ApprecordServiceImpl.book','http://localhost:8080/apprecord/book','0:0:0:0:0:0:0:1','twk','2020-04-15 18:47:17','成功'),(332,'com.woniuxy.service.impl.ApprecordServiceImpl.countAll','http://localhost:8080/apprecord/findAllByPage','0:0:0:0:0:0:0:1','twk','2020-04-15 18:47:25','成功'),(333,'com.woniuxy.service.impl.ApprecordServiceImpl.findAllByPage','http://localhost:8080/apprecord/findAllByPage','0:0:0:0:0:0:0:1','twk','2020-04-15 18:47:25','成功'),(334,'com.woniuxy.service.impl.ApprecordServiceImpl.findOne','http://localhost:8080/apprecord/confirm','0:0:0:0:0:0:0:1','twk','2020-04-15 18:47:36','成功'),(335,'com.woniuxy.service.impl.ApprecordServiceImpl.update','http://localhost:8080/apprecord/confirm','0:0:0:0:0:0:0:1','twk','2020-04-15 18:47:36','成功'),(336,'com.woniuxy.service.impl.ApprecordServiceImpl.getAroomByProjectId','http://localhost:8080/apprecord/confirm','0:0:0:0:0:0:0:1','twk','2020-04-15 18:47:36','成功'),(337,'com.woniuxy.service.impl.AroomServiceImpl.findOne','http://localhost:8080/apprecord/confirm','0:0:0:0:0:0:0:1','twk','2020-04-15 18:47:36','成功'),(338,'com.woniuxy.service.impl.ApprecordServiceImpl.countAll','http://localhost:8080/apprecord/findAllByPage','0:0:0:0:0:0:0:1','twk','2020-04-15 18:47:36','成功'),(339,'com.woniuxy.service.impl.ApprecordServiceImpl.findAllByPage','http://localhost:8080/apprecord/findAllByPage','0:0:0:0:0:0:0:1','twk','2020-04-15 18:47:37','成功'),(340,'com.woniuxy.service.impl.UserServiceImpl.selectPermissionByUser','http://localhost:8080/loginAjax','0:0:0:0:0:0:0:1','twk','2020-04-15 18:55:20','成功'),(341,'com.woniuxy.service.impl.ApprecordServiceImpl.countAll','http://localhost:8080/apprecord/findAllByPage','0:0:0:0:0:0:0:1','twk','2020-04-15 18:55:25','成功'),(342,'com.woniuxy.service.impl.ApprecordServiceImpl.findAllByPage','http://localhost:8080/apprecord/findAllByPage','0:0:0:0:0:0:0:1','twk','2020-04-15 18:55:26','成功'),(343,'com.woniuxy.service.impl.ApprecordServiceImpl.countAll','http://localhost:8080/apprecord/findAllByPage','0:0:0:0:0:0:0:1','twk','2020-04-15 18:55:31','成功'),(344,'com.woniuxy.service.impl.ApprecordServiceImpl.findAllByPage','http://localhost:8080/apprecord/findAllByPage','0:0:0:0:0:0:0:1','twk','2020-04-15 18:55:31','成功'),(345,'com.woniuxy.service.impl.UserServiceImpl.selectPermissionByUser','http://localhost:8080/loginAjax','0:0:0:0:0:0:0:1','twk','2020-04-15 18:58:32','成功'),(346,'com.woniuxy.service.impl.UserServiceImpl.selectPermissionByUser','http://localhost:8080/loginAjax','0:0:0:0:0:0:0:1','twk','2020-04-15 19:01:02','成功'),(347,'com.woniuxy.service.impl.UserServiceImpl.selectPermissionByUser','http://localhost:8080/loginAjax','0:0:0:0:0:0:0:1','twk','2020-04-15 21:51:52','成功'),(348,'com.woniuxy.service.impl.UserServiceImpl.selectPermissionByUser','http://localhost:8080/loginAjax','0:0:0:0:0:0:0:1','twk','2020-04-15 22:12:08','成功'),(349,'com.woniuxy.service.impl.UserServiceImpl.selectPermissionByUser','http://localhost:8080/loginAjax','0:0:0:0:0:0:0:1','twk','2020-04-15 22:26:49','成功'),(350,'com.woniuxy.service.impl.UserServiceImpl.selectPermissionByUser','http://localhost:8080/loginAjax','0:0:0:0:0:0:0:1','twk','2020-04-15 22:27:23','成功'),(351,'com.woniuxy.service.impl.UserServiceImpl.selectPermissionByUser','http://localhost:8080/loginAjax','0:0:0:0:0:0:0:1','twk','2020-04-15 22:28:44','成功'),(352,'com.woniuxy.service.impl.UserServiceImpl.selectPermissionByUser','http://localhost:8080/loginAjax','0:0:0:0:0:0:0:1','twk','2020-04-15 22:32:24','成功'),(353,'com.woniuxy.service.impl.UserServiceImpl.selectPermissionByUser','http://localhost:8080/loginAjax','0:0:0:0:0:0:0:1','twk','2020-04-15 22:44:17','成功'),(354,'com.woniuxy.service.impl.UserServiceImpl.selectPermissionByUser','http://localhost:8080/loginAjax','0:0:0:0:0:0:0:1','twk','2020-04-15 22:47:17','成功'),(355,'com.woniuxy.service.impl.SourceServiceImpl.queryByPage','http://localhost:8080/source/queryByPage','192.168.1.12','twk','2020-04-15 22:47:26','成功'),(356,'com.woniuxy.service.impl.SourceServiceImpl.countByPage','http://localhost:8080/source/queryByPage','192.168.1.12','twk','2020-04-15 22:47:26','成功'),(357,'com.woniuxy.service.impl.UserServiceImpl.selectPermissionByUser','http://localhost:8080/loginAjax','0:0:0:0:0:0:0:1','twk','2020-04-15 22:55:18','成功'),(358,'com.woniuxy.service.impl.UserServiceImpl.selectPermissionByUser','http://localhost:8080/loginAjax','0:0:0:0:0:0:0:1','twk','2020-04-15 23:04:21','成功'),(359,'com.woniuxy.service.impl.RoleServiceImpl.findAssignRolesByUserId','http://localhost:8080/Info/PersonInfo','0:0:0:0:0:0:0:1','twk','2020-04-15 23:04:28','成功'),(360,'com.woniuxy.service.impl.UserServiceImpl.findUserById','http://localhost:8080/Info/PwdEdit','0:0:0:0:0:0:0:1','twk','2020-04-15 23:04:40','成功'),(361,'com.woniuxy.service.impl.RoleServiceImpl.findAssignRolesByUserId','http://localhost:8080/Info/PersonInfo','0:0:0:0:0:0:0:1','twk','2020-04-15 23:07:18','成功'),(362,'com.woniuxy.service.impl.UserServiceImpl.findUserById','http://localhost:8080/Info/PwdEdit','0:0:0:0:0:0:0:1','twk','2020-04-15 23:07:38','成功'),(363,'com.woniuxy.service.impl.UserServiceImpl.update','http://localhost:8080/Info/PwdEditSubmit','0:0:0:0:0:0:0:1','twk','2020-04-15 23:07:46','成功'),(364,'com.woniuxy.service.impl.RoleServiceImpl.findAssignRolesByUserId','http://localhost:8080/Info/PersonInfo','0:0:0:0:0:0:0:1','twk','2020-04-15 23:07:48','成功'),(365,'com.woniuxy.service.impl.RoleServiceImpl.findAssignRolesByUserId','http://localhost:8080/Info/PersonInfo','0:0:0:0:0:0:0:1','twk','2020-04-15 23:07:51','成功'),(366,'com.woniuxy.service.impl.UserServiceImpl.selectPermissionByUser','http://localhost:8080/loginAjax','0:0:0:0:0:0:0:1','twk','2020-04-15 23:08:37','成功'),(367,'com.woniuxy.service.impl.PermissionServiceImpl.findAll','http://localhost:8080/permission/loadData','0:0:0:0:0:0:0:1','twk','2020-04-15 23:10:34','成功'),(368,'com.woniuxy.service.impl.PatientServiceImpl.countAll','http://localhost:8080/patient/findAllByPage','0:0:0:0:0:0:0:1','twk','2020-04-15 23:10:44','成功'),(369,'com.woniuxy.service.impl.PatientServiceImpl.findAllByPageBean','http://localhost:8080/patient/findAllByPage','0:0:0:0:0:0:0:1','twk','2020-04-15 23:10:44','成功'),(370,'com.woniuxy.service.impl.UserServiceImpl.selectPermissionByUser','http://localhost:8080/loginAjax','0:0:0:0:0:0:0:1','twk','2020-04-15 23:13:42','成功'),(371,'com.woniuxy.service.impl.UserServiceImpl.login','http://localhost:8080/loginAjax','0:0:0:0:0:0:0:1','twk','2020-04-15 23:13:47','成功'),(372,'com.woniuxy.service.impl.UserServiceImpl.login','http://localhost:8080/loginAjax','0:0:0:0:0:0:0:1','twk','2020-04-15 23:13:52','成功'),(373,'com.woniuxy.service.impl.UserServiceImpl.selectPermissionByUser','http://localhost:8080/loginAjax','0:0:0:0:0:0:0:1','twk','2020-04-15 23:13:52','成功'),(374,'com.woniuxy.service.impl.UserServiceImpl.login','http://localhost:8080/loginAjax','0:0:0:0:0:0:0:1','twk','2020-04-15 23:14:10','成功'),(375,'com.woniuxy.service.impl.UserServiceImpl.login','http://localhost:8080/loginAjax','0:0:0:0:0:0:0:1','twk','2020-04-15 23:14:19','成功'),(376,'com.woniuxy.service.impl.UserServiceImpl.selectPermissionByUser','http://localhost:8080/loginAjax','0:0:0:0:0:0:0:1','twk','2020-04-15 23:14:19','成功'),(377,'com.woniuxy.service.impl.UserServiceImpl.login','http://localhost:8080/loginAjax','0:0:0:0:0:0:0:1','twk','2020-04-15 23:14:38','成功'),(378,'com.woniuxy.service.impl.UserServiceImpl.selectPermissionByUser','http://localhost:8080/loginAjax','0:0:0:0:0:0:0:1','twk','2020-04-15 23:14:38','成功'),(379,'com.woniuxy.service.impl.UserServiceImpl.login','http://localhost:8080/loginAjax','0:0:0:0:0:0:0:1','twk','2020-04-15 23:15:01','成功'),(380,'com.woniuxy.service.impl.UserServiceImpl.selectPermissionByUser','http://localhost:8080/loginAjax','0:0:0:0:0:0:0:1','123','2020-04-15 23:15:01','成功'),(381,'com.woniuxy.service.impl.UserServiceImpl.selectPermissionByUser','http://localhost:8080/loginAjax','0:0:0:0:0:0:0:1','twk','2020-04-15 23:16:13','成功'),(382,'com.woniuxy.service.impl.UserServiceImpl.login','http://localhost:8080/loginAjax','0:0:0:0:0:0:0:1','twk','2020-04-15 23:16:43','成功'),(383,'com.woniuxy.service.impl.UserServiceImpl.login','http://localhost:8080/loginAjax','0:0:0:0:0:0:0:1','twk','2020-04-15 23:16:48','成功'),(384,'com.woniuxy.service.impl.UserServiceImpl.selectPermissionByUser','http://localhost:8080/loginAjax','0:0:0:0:0:0:0:1','twk','2020-04-15 23:16:48','成功'),(385,'com.woniuxy.service.impl.UserServiceImpl.login','http://localhost:8080/loginAjax','0:0:0:0:0:0:0:1','twk','2020-04-15 23:20:33','成功'),(386,'com.woniuxy.service.impl.UserServiceImpl.selectPermissionByUser','http://localhost:8080/loginAjax','0:0:0:0:0:0:0:1','twk','2020-04-15 23:20:33','成功'),(387,'com.woniuxy.service.impl.UserServiceImpl.login','http://localhost:8080/loginAjax','0:0:0:0:0:0:0:1','twk','2020-04-15 23:22:15','成功'),(388,'com.woniuxy.service.impl.UserServiceImpl.selectPermissionByUser','http://localhost:8080/loginAjax','0:0:0:0:0:0:0:1','andy','2020-04-15 23:22:16','成功'),(389,'com.woniuxy.service.impl.UserServiceImpl.login','http://localhost:8080/loginAjax','0:0:0:0:0:0:0:1','andy','2020-04-15 23:22:36','成功'),(390,'com.woniuxy.service.impl.UserServiceImpl.selectPermissionByUser','http://localhost:8080/loginAjax','0:0:0:0:0:0:0:1','123','2020-04-15 23:22:36','成功'),(391,'com.woniuxy.service.impl.UserServiceImpl.selectPermissionByUser','http://localhost:8080/loginAjax','0:0:0:0:0:0:0:1','twk','2020-04-15 23:25:39','成功'),(392,'com.woniuxy.service.impl.UserServiceImpl.login','http://localhost:8080/loginAjax','0:0:0:0:0:0:0:1','twk','2020-04-15 23:27:36','成功'),(393,'com.woniuxy.service.impl.UserServiceImpl.selectPermissionByUser','http://localhost:8080/loginAjax','0:0:0:0:0:0:0:1','twk','2020-04-15 23:27:37','成功'),(394,'com.woniuxy.service.impl.RoleServiceImpl.selectByPage','http://localhost:8080/role/indexByPage','0:0:0:0:0:0:0:1','twk','2020-04-15 23:27:51','成功'),(395,'com.woniuxy.service.impl.RoleServiceImpl.countByPage','http://localhost:8080/role/indexByPage','0:0:0:0:0:0:0:1','twk','2020-04-15 23:27:51','成功'),(396,'com.woniuxy.service.impl.RoleServiceImpl.findOne','http://localhost:8080/role/update','0:0:0:0:0:0:0:1','twk','2020-04-15 23:27:54','成功'),(397,'com.woniuxy.service.impl.RoleServiceImpl.selectByPage','http://localhost:8080/role/indexByPage','0:0:0:0:0:0:0:1','twk','2020-04-15 23:27:56','成功'),(398,'com.woniuxy.service.impl.RoleServiceImpl.countByPage','http://localhost:8080/role/indexByPage','0:0:0:0:0:0:0:1','twk','2020-04-15 23:27:57','成功'),(399,'com.woniuxy.service.impl.PermissionServiceImpl.findAll','http://localhost:8080/role/loadData','0:0:0:0:0:0:0:1','twk','2020-04-15 23:27:58','成功'),(400,'com.woniuxy.service.impl.RoleServiceImpl.findByRid','http://localhost:8080/role/loadData','0:0:0:0:0:0:0:1','twk','2020-04-15 23:27:58','成功'),(401,'com.woniuxy.service.impl.RoleServiceImpl.assignPermission','http://localhost:8080/role/assignPermissionDo','0:0:0:0:0:0:0:1','twk','2020-04-15 23:28:03','成功'),(402,'com.woniuxy.service.impl.PermissionServiceImpl.findAll','http://localhost:8080/role/loadData','0:0:0:0:0:0:0:1','twk','2020-04-15 23:28:03','成功'),(403,'com.woniuxy.service.impl.RoleServiceImpl.findByRid','http://localhost:8080/role/loadData','0:0:0:0:0:0:0:1','twk','2020-04-15 23:28:03','成功'),(404,'com.woniuxy.service.impl.RoleServiceImpl.selectByPage','http://localhost:8080/role/indexByPage','0:0:0:0:0:0:0:1','twk','2020-04-15 23:28:07','成功'),(405,'com.woniuxy.service.impl.RoleServiceImpl.countByPage','http://localhost:8080/role/indexByPage','0:0:0:0:0:0:0:1','twk','2020-04-15 23:28:07','成功'),(406,'com.woniuxy.service.impl.PermissionServiceImpl.findAll','http://localhost:8080/role/loadData','0:0:0:0:0:0:0:1','twk','2020-04-15 23:28:08','成功'),(407,'com.woniuxy.service.impl.RoleServiceImpl.findByRid','http://localhost:8080/role/loadData','0:0:0:0:0:0:0:1','twk','2020-04-15 23:28:08','成功'),(408,'com.woniuxy.service.impl.RoleServiceImpl.assignPermission','http://localhost:8080/role/assignPermissionDo','0:0:0:0:0:0:0:1','twk','2020-04-15 23:28:11','成功'),(409,'com.woniuxy.service.impl.PermissionServiceImpl.findAll','http://localhost:8080/role/loadData','0:0:0:0:0:0:0:1','twk','2020-04-15 23:28:11','成功'),(410,'com.woniuxy.service.impl.RoleServiceImpl.findByRid','http://localhost:8080/role/loadData','0:0:0:0:0:0:0:1','twk','2020-04-15 23:28:11','成功'),(411,'com.woniuxy.service.impl.RoleServiceImpl.selectByPage','http://localhost:8080/role/indexByPage','0:0:0:0:0:0:0:1','twk','2020-04-15 23:28:13','成功'),(412,'com.woniuxy.service.impl.RoleServiceImpl.countByPage','http://localhost:8080/role/indexByPage','0:0:0:0:0:0:0:1','twk','2020-04-15 23:28:13','成功'),(413,'com.woniuxy.service.impl.PermissionServiceImpl.findAll','http://localhost:8080/role/loadData','0:0:0:0:0:0:0:1','twk','2020-04-15 23:28:16','成功'),(414,'com.woniuxy.service.impl.RoleServiceImpl.findByRid','http://localhost:8080/role/loadData','0:0:0:0:0:0:0:1','twk','2020-04-15 23:28:16','成功'),(415,'com.woniuxy.service.impl.RoleServiceImpl.assignPermission','http://localhost:8080/role/assignPermissionDo','0:0:0:0:0:0:0:1','twk','2020-04-15 23:28:23','成功'),(416,'com.woniuxy.service.impl.PermissionServiceImpl.findAll','http://localhost:8080/role/loadData','0:0:0:0:0:0:0:1','twk','2020-04-15 23:28:23','成功'),(417,'com.woniuxy.service.impl.RoleServiceImpl.findByRid','http://localhost:8080/role/loadData','0:0:0:0:0:0:0:1','twk','2020-04-15 23:28:24','成功'),(418,'com.woniuxy.service.impl.RoleServiceImpl.selectByPage','http://localhost:8080/role/indexByPage','0:0:0:0:0:0:0:1','twk','2020-04-15 23:28:26','成功'),(419,'com.woniuxy.service.impl.RoleServiceImpl.countByPage','http://localhost:8080/role/indexByPage','0:0:0:0:0:0:0:1','twk','2020-04-15 23:28:26','成功'),(420,'com.woniuxy.service.impl.PermissionServiceImpl.findAll','http://localhost:8080/role/loadData','0:0:0:0:0:0:0:1','twk','2020-04-15 23:28:28','成功'),(421,'com.woniuxy.service.impl.RoleServiceImpl.findByRid','http://localhost:8080/role/loadData','0:0:0:0:0:0:0:1','twk','2020-04-15 23:28:28','成功'),(422,'com.woniuxy.service.impl.RoleServiceImpl.assignPermission','http://localhost:8080/role/assignPermissionDo','0:0:0:0:0:0:0:1','twk','2020-04-15 23:28:33','成功'),(423,'com.woniuxy.service.impl.PermissionServiceImpl.findAll','http://localhost:8080/role/loadData','0:0:0:0:0:0:0:1','twk','2020-04-15 23:28:33','成功'),(424,'com.woniuxy.service.impl.RoleServiceImpl.findByRid','http://localhost:8080/role/loadData','0:0:0:0:0:0:0:1','twk','2020-04-15 23:28:33','成功'),(425,'com.woniuxy.service.impl.UserServiceImpl.selectPermissionByUser','http://localhost:8080/loginAjax','0:0:0:0:0:0:0:1','twk','2020-04-15 23:28:39','成功'),(426,'com.woniuxy.service.impl.RoleServiceImpl.findAssignRolesByUserId','http://localhost:8080/Info/PersonInfo','0:0:0:0:0:0:0:1','twk','2020-04-15 23:28:44','成功'),(427,'com.woniuxy.service.impl.UserServiceImpl.findUserById','http://localhost:8080/Info/PwdEdit','0:0:0:0:0:0:0:1','twk','2020-04-15 23:29:08','成功'),(428,'com.woniuxy.service.impl.RoleServiceImpl.findAssignRolesByUserId','http://localhost:8080/Info/PersonInfo','0:0:0:0:0:0:0:1','twk','2020-04-15 23:32:12','成功'),(429,'com.woniuxy.service.impl.RoleServiceImpl.findAssignRolesByUserId','http://localhost:8080/Info/PersonInfo','0:0:0:0:0:0:0:1','twk','2020-04-15 23:32:13','成功'),(430,'com.woniuxy.service.impl.UserServiceImpl.selectPermissionByUser','http://localhost:8080/loginAjax','0:0:0:0:0:0:0:1','twk','2020-04-15 23:32:20','成功'),(431,'com.woniuxy.service.impl.PermissionServiceImpl.findAll','http://localhost:8080/permission/loadData','0:0:0:0:0:0:0:1','twk','2020-04-15 23:32:32','成功'),(432,'com.woniuxy.service.impl.RoleServiceImpl.selectByPage','http://localhost:8080/role/indexByPage','0:0:0:0:0:0:0:1','twk','2020-04-15 23:32:34','成功'),(433,'com.woniuxy.service.impl.RoleServiceImpl.countByPage','http://localhost:8080/role/indexByPage','0:0:0:0:0:0:0:1','twk','2020-04-15 23:32:34','成功'),(434,'com.woniuxy.service.impl.PermissionServiceImpl.findAll','http://localhost:8080/role/loadData','0:0:0:0:0:0:0:1','twk','2020-04-15 23:32:36','成功'),(435,'com.woniuxy.service.impl.RoleServiceImpl.findByRid','http://localhost:8080/role/loadData','0:0:0:0:0:0:0:1','twk','2020-04-15 23:32:36','成功'),(436,'com.woniuxy.service.impl.RoleServiceImpl.assignPermission','http://localhost:8080/role/assignPermissionDo','0:0:0:0:0:0:0:1','twk','2020-04-15 23:32:39','成功'),(437,'com.woniuxy.service.impl.PermissionServiceImpl.findAll','http://localhost:8080/role/loadData','0:0:0:0:0:0:0:1','twk','2020-04-15 23:32:39','成功'),(438,'com.woniuxy.service.impl.RoleServiceImpl.findByRid','http://localhost:8080/role/loadData','0:0:0:0:0:0:0:1','twk','2020-04-15 23:32:39','成功'),(439,'com.woniuxy.service.impl.RoleServiceImpl.findAssignRolesByUserId','http://localhost:8080/Info/PersonInfo','0:0:0:0:0:0:0:1','twk','2020-04-15 23:32:48','成功'),(440,'com.woniuxy.service.impl.UserServiceImpl.findUserById','http://localhost:8080/Info/PwdEdit','0:0:0:0:0:0:0:1','twk','2020-04-15 23:32:51','成功'),(441,'com.woniuxy.service.impl.UserServiceImpl.findUserById','http://localhost:8080/Info/PwdEdit','0:0:0:0:0:0:0:1','twk','2020-04-15 23:33:27','成功'),(442,'com.woniuxy.service.impl.UserServiceImpl.update','http://localhost:8080/Info/PwdEditSubmit','0:0:0:0:0:0:0:1','twk','2020-04-15 23:33:34','成功'),(443,'com.woniuxy.service.impl.RoleServiceImpl.findAssignRolesByUserId','http://localhost:8080/Info/PersonInfo','0:0:0:0:0:0:0:1','twk','2020-04-15 23:33:36','成功'),(444,'com.woniuxy.service.impl.UserServiceImpl.findUserById','http://localhost:8080/Info/PwdEdit','0:0:0:0:0:0:0:1','twk','2020-04-15 23:33:56','成功'),(445,'com.woniuxy.service.impl.UserServiceImpl.update','http://localhost:8080/Info/PwdEditSubmit','0:0:0:0:0:0:0:1','twk','2020-04-15 23:34:01','成功'),(446,'com.woniuxy.service.impl.RoleServiceImpl.findAssignRolesByUserId','http://localhost:8080/Info/PersonInfo','0:0:0:0:0:0:0:1','twk','2020-04-15 23:34:02','成功'),(447,'com.woniuxy.service.impl.UserServiceImpl.findUserById','http://localhost:8080/Info/PwdEdit','0:0:0:0:0:0:0:1','twk','2020-04-15 23:35:29','成功'),(448,'com.woniuxy.service.impl.UserServiceImpl.update','http://localhost:8080/Info/PwdEditSubmit','0:0:0:0:0:0:0:1','twk','2020-04-15 23:35:50','成功'),(449,'com.woniuxy.service.impl.RoleServiceImpl.findAssignRolesByUserId','http://localhost:8080/Info/PersonInfo','0:0:0:0:0:0:0:1','twk','2020-04-15 23:35:51','成功'),(450,'com.woniuxy.service.impl.UserServiceImpl.selectPermissionByUser','http://localhost:8080/loginAjax','0:0:0:0:0:0:0:1','twk','2020-04-15 23:36:03','成功'),(451,'com.woniuxy.service.impl.ApprecordServiceImpl.countAll','http://localhost:8080/apprecord/findAllByPage','0:0:0:0:0:0:0:1','twk','2020-04-15 23:36:07','成功'),(452,'com.woniuxy.service.impl.ApprecordServiceImpl.findAllByPage','http://localhost:8080/apprecord/findAllByPage','0:0:0:0:0:0:0:1','twk','2020-04-15 23:36:07','成功'),(453,'com.woniuxy.service.impl.RoleServiceImpl.findAssignRolesByUserId','http://localhost:8080/Info/PersonInfo','0:0:0:0:0:0:0:1','twk','2020-04-15 23:36:09','成功'),(454,'com.woniuxy.service.impl.UserServiceImpl.findUserById','http://localhost:8080/Info/PwdEdit','0:0:0:0:0:0:0:1','twk','2020-04-15 23:36:11','成功'),(455,'com.woniuxy.service.impl.UserServiceImpl.update','http://localhost:8080/Info/PwdEditSubmit','0:0:0:0:0:0:0:1','twk','2020-04-15 23:36:15','成功'),(456,'com.woniuxy.service.impl.RoleServiceImpl.findAssignRolesByUserId','http://localhost:8080/Info/PersonInfo','0:0:0:0:0:0:0:1','twk','2020-04-15 23:36:16','成功'),(457,'com.woniuxy.service.impl.UserServiceImpl.selectPermissionByUser','http://localhost:8080/loginAjax','0:0:0:0:0:0:0:1','twk','2020-04-15 23:36:48','成功'),(458,'com.woniuxy.service.impl.RoleServiceImpl.findAssignRolesByUserId','http://localhost:8080/Info/PersonInfo','0:0:0:0:0:0:0:1','twk','2020-04-15 23:36:53','成功'),(459,'com.woniuxy.service.impl.UserServiceImpl.findUserById','http://localhost:8080/Info/PwdEdit','0:0:0:0:0:0:0:1','twk','2020-04-15 23:36:54','成功'),(460,'com.woniuxy.service.impl.PermissionServiceImpl.findAll','http://localhost:8080/permission/loadData','0:0:0:0:0:0:0:1','twk','2020-04-15 23:37:02','成功'),(461,'com.woniuxy.service.impl.UserServiceImpl.selectPermissionByUser','http://localhost:8080/loginAjax','0:0:0:0:0:0:0:1','123','2020-04-15 23:37:43','成功'),(462,'com.woniuxy.service.impl.UserServiceImpl.selectPermissionByUser','http://localhost:8080/loginAjax','0:0:0:0:0:0:0:1','liubei','2020-04-15 23:37:53','成功'),(463,'com.woniuxy.service.impl.UserServiceImpl.selectPermissionByUser','http://localhost:8080/loginAjax','0:0:0:0:0:0:0:1','lisi','2020-04-15 23:40:00','成功'),(464,'com.woniuxy.service.impl.UserServiceImpl.selectPermissionByUser','http://localhost:8080/loginAjax','0:0:0:0:0:0:0:1','lvbu','2020-04-15 23:40:32','成功'),(465,'com.woniuxy.service.impl.UserServiceImpl.selectPermissionByUser','http://localhost:8080/loginAjax','0:0:0:0:0:0:0:1','123','2020-04-15 23:40:39','成功'),(466,'com.woniuxy.service.impl.UserServiceImpl.selectPermissionByUser','http://localhost:8080/loginAjax','0:0:0:0:0:0:0:1','smms','2020-04-15 23:40:57','成功'),(467,'com.woniuxy.service.impl.UserServiceImpl.selectPermissionByUser','http://localhost:8080/loginAjax','0:0:0:0:0:0:0:1','twk','2020-04-15 23:44:13','成功'),(468,'com.woniuxy.service.impl.RoleServiceImpl.findAssignRolesByUserId','http://localhost:8080/Info/PersonInfo','0:0:0:0:0:0:0:1','twk','2020-04-15 23:44:23','成功'),(469,'com.woniuxy.service.impl.UserServiceImpl.findUserById','http://localhost:8080/Info/PwdEdit','0:0:0:0:0:0:0:1','twk','2020-04-15 23:44:26','成功'),(470,'com.woniuxy.service.impl.UserServiceImpl.selectPermissionByUser','http://localhost:8080/loginAjax','0:0:0:0:0:0:0:1','liubei','2020-04-15 23:44:38','成功'),(471,'com.woniuxy.service.impl.RoleServiceImpl.findAssignRolesByUserId','http://localhost:8080/Info/PersonInfo','0:0:0:0:0:0:0:1','liubei','2020-04-15 23:44:40','成功'),(472,'com.woniuxy.service.impl.PatientServiceImpl.findPatientByUserId','http://localhost:8080/Info/PersonInfo','0:0:0:0:0:0:0:1','liubei','2020-04-15 23:44:41','成功'),(473,'com.woniuxy.service.impl.UserServiceImpl.findUserById','http://localhost:8080/Info/PwdEdit','0:0:0:0:0:0:0:1','liubei','2020-04-15 23:45:01','成功'),(474,'com.woniuxy.service.impl.UserServiceImpl.selectPermissionByUser','http://localhost:8080/loginAjax','0:0:0:0:0:0:0:1','jack','2020-04-15 23:45:33','成功'),(475,'com.woniuxy.service.impl.RoleServiceImpl.findAssignRolesByUserId','http://localhost:8080/Info/PersonInfo','0:0:0:0:0:0:0:1','jack','2020-04-15 23:45:35','成功'),(476,'com.woniuxy.service.impl.EmpServiceImpl.findOneDoctorByUserId','http://localhost:8080/Info/PersonInfo','0:0:0:0:0:0:0:1','jack','2020-04-15 23:45:35','成功'),(477,'com.woniuxy.service.impl.RoleServiceImpl.findAssignRolesByUserId','http://localhost:8080/Info/PersonInfo','0:0:0:0:0:0:0:1','jack','2020-04-15 23:49:52','成功'),(478,'com.woniuxy.service.impl.EmpServiceImpl.findOneDoctorByUserId','http://localhost:8080/Info/PersonInfo','0:0:0:0:0:0:0:1','jack','2020-04-15 23:49:52','成功'),(479,'com.woniuxy.service.impl.RoleServiceImpl.findAssignRolesByUserId','http://localhost:8080/Info/PersonInfo','0:0:0:0:0:0:0:1','jack','2020-04-15 23:49:55','成功'),(480,'com.woniuxy.service.impl.EmpServiceImpl.findOneDoctorByUserId','http://localhost:8080/Info/PersonInfo','0:0:0:0:0:0:0:1','jack','2020-04-15 23:49:55','成功'),(481,'com.woniuxy.service.impl.UserServiceImpl.selectPermissionByUser','http://localhost:8080/loginAjax','0:0:0:0:0:0:0:1','jack','2020-04-15 23:50:00','成功'),(482,'com.woniuxy.service.impl.RoleServiceImpl.findAssignRolesByUserId','http://localhost:8080/Info/PersonInfo','0:0:0:0:0:0:0:1','jack','2020-04-15 23:50:02','成功'),(483,'com.woniuxy.service.impl.EmpServiceImpl.findOneDoctorByUserId','http://localhost:8080/Info/PersonInfo','0:0:0:0:0:0:0:1','jack','2020-04-15 23:50:02','成功'),(484,'com.woniuxy.service.impl.UserServiceImpl.selectPermissionByUser','http://localhost:8080/loginAjax','0:0:0:0:0:0:0:1','andy','2020-04-15 23:50:54','成功'),(485,'com.woniuxy.service.impl.RoleServiceImpl.findAssignRolesByUserId','http://localhost:8080/Info/PersonInfo','0:0:0:0:0:0:0:1','andy','2020-04-15 23:50:57','成功'),(486,'com.woniuxy.service.impl.UserServiceImpl.selectPermissionByUser','http://localhost:8080/loginAjax','0:0:0:0:0:0:0:1','jeery','2020-04-15 23:51:31','成功'),(487,'com.woniuxy.service.impl.UserServiceImpl.selectPermissionByUser','http://localhost:8080/loginAjax','0:0:0:0:0:0:0:1','jeery','2020-04-15 23:52:17','成功'),(488,'com.woniuxy.service.impl.RoleServiceImpl.findAssignRolesByUserId','http://localhost:8080/Info/PersonInfo','0:0:0:0:0:0:0:1','jeery','2020-04-15 23:52:19','成功'),(489,'com.woniuxy.service.impl.EmpServiceImpl.findOneDoctorByUserId','http://localhost:8080/Info/PersonInfo','0:0:0:0:0:0:0:1','jeery','2020-04-15 23:52:19','成功'),(490,'com.woniuxy.service.impl.UserServiceImpl.selectPermissionByUser','http://localhost:8080/loginAjax','0:0:0:0:0:0:0:1','jeery','2020-04-15 23:53:39','成功'),(491,'com.woniuxy.service.impl.RoleServiceImpl.findAssignRolesByUserId','http://localhost:8080/Info/PersonInfo','0:0:0:0:0:0:0:1','jeery','2020-04-15 23:53:45','成功'),(492,'com.woniuxy.service.impl.EmpServiceImpl.findOneDoctorByUserId','http://localhost:8080/Info/PersonInfo','0:0:0:0:0:0:0:1','jeery','2020-04-15 23:53:45','成功'),(493,'com.woniuxy.service.impl.EmpServiceImpl.findOneDoctorByUserId','http://localhost:8080/Info/PersonInfo','0:0:0:0:0:0:0:1','jeery','2020-04-15 23:53:45','成功'),(494,'com.woniuxy.service.impl.UserServiceImpl.selectPermissionByUser','http://localhost:8080/loginAjax','0:0:0:0:0:0:0:1','jeery','2020-04-15 23:56:58','成功'),(495,'com.woniuxy.service.impl.RoleServiceImpl.findAssignRolesByUserId','http://localhost:8080/Info/PersonInfo','0:0:0:0:0:0:0:1','jeery','2020-04-15 23:57:01','成功'),(496,'com.woniuxy.service.impl.UserServiceImpl.selectPermissionByUser','http://localhost:8080/loginAjax','0:0:0:0:0:0:0:1','jeery','2020-04-15 23:57:52','成功'),(497,'com.woniuxy.service.impl.RoleServiceImpl.findAssignRolesByUserId','http://localhost:8080/Info/PersonInfo','192.168.1.12','jeery','2020-04-15 23:57:56','成功'),(498,'com.woniuxy.service.impl.UserServiceImpl.selectPermissionByUser','http://localhost:8080/loginAjax','0:0:0:0:0:0:0:1','jeery','2020-04-15 23:59:54','成功'),(499,'com.woniuxy.service.impl.RoleServiceImpl.findAssignRolesByUserId','http://localhost:8080/Info/PersonInfo','0:0:0:0:0:0:0:1','jeery','2020-04-15 23:59:57','成功'),(500,'com.woniuxy.service.impl.EmpServiceImpl.findOneDoctorByUserId','http://localhost:8080/Info/PersonInfo','0:0:0:0:0:0:0:1','jeery','2020-04-15 23:59:57','成功'),(501,'com.woniuxy.service.impl.UserServiceImpl.selectPermissionByUser','http://localhost:8080/loginAjax','0:0:0:0:0:0:0:1','jack','2020-04-16 00:00:11','成功'),(502,'com.woniuxy.service.impl.RoleServiceImpl.findAssignRolesByUserId','http://localhost:8080/Info/PersonInfo','0:0:0:0:0:0:0:1','jack','2020-04-16 00:00:13','成功'),(503,'com.woniuxy.service.impl.EmpServiceImpl.findOneDoctorByUserId','http://localhost:8080/Info/PersonInfo','0:0:0:0:0:0:0:1','jack','2020-04-16 00:00:14','成功'),(504,'com.woniuxy.service.impl.UserServiceImpl.findUserById','http://localhost:8080/Info/PwdEdit','0:0:0:0:0:0:0:1','jack','2020-04-16 00:00:21','成功'),(505,'com.woniuxy.service.impl.UserServiceImpl.update','http://localhost:8080/Info/PwdEditSubmit','0:0:0:0:0:0:0:1','jack','2020-04-16 00:00:40','成功'),(506,'com.woniuxy.service.impl.RoleServiceImpl.findAssignRolesByUserId','http://localhost:8080/Info/PersonInfo','0:0:0:0:0:0:0:1','jack','2020-04-16 00:00:42','成功'),(507,'com.woniuxy.service.impl.EmpServiceImpl.findOneDoctorByUserId','http://localhost:8080/Info/PersonInfo','0:0:0:0:0:0:0:1','jack','2020-04-16 00:00:42','成功'),(508,'com.woniuxy.service.impl.RoleServiceImpl.findAssignRolesByUserId','http://localhost:8080/Info/PersonInfo','0:0:0:0:0:0:0:1','jack','2020-04-16 00:02:56','成功'),(509,'com.woniuxy.service.impl.EmpServiceImpl.findOneDoctorByUserId','http://localhost:8080/Info/PersonInfo','0:0:0:0:0:0:0:1','jack','2020-04-16 00:02:56','成功'),(510,'com.woniuxy.service.impl.UserServiceImpl.findUserById','http://localhost:8080/Info/PwdEdit','0:0:0:0:0:0:0:1','jack','2020-04-16 00:02:58','成功'),(511,'com.woniuxy.service.impl.UserServiceImpl.update','http://localhost:8080/Info/PwdEditSubmit','0:0:0:0:0:0:0:1','jack','2020-04-16 00:03:10','成功'),(512,'com.woniuxy.service.impl.RoleServiceImpl.findAssignRolesByUserId','http://localhost:8080/Info/PersonInfo','0:0:0:0:0:0:0:1','jack','2020-04-16 00:03:11','成功'),(513,'com.woniuxy.service.impl.EmpServiceImpl.findOneDoctorByUserId','http://localhost:8080/Info/PersonInfo','0:0:0:0:0:0:0:1','jack','2020-04-16 00:03:11','成功'),(514,'com.woniuxy.service.impl.UserServiceImpl.findUserById','http://localhost:8080/Info/PwdEdit','0:0:0:0:0:0:0:1','jack','2020-04-16 00:03:21','成功'),(515,'com.woniuxy.service.impl.UserServiceImpl.update','http://localhost:8080/Info/PwdEditSubmit','0:0:0:0:0:0:0:1','jack','2020-04-16 00:03:25','成功'),(516,'com.woniuxy.service.impl.RoleServiceImpl.findAssignRolesByUserId','http://localhost:8080/Info/PersonInfo','0:0:0:0:0:0:0:1','jack','2020-04-16 00:03:27','成功'),(517,'com.woniuxy.service.impl.EmpServiceImpl.findOneDoctorByUserId','http://localhost:8080/Info/PersonInfo','0:0:0:0:0:0:0:1','jack','2020-04-16 00:03:27','成功'),(518,'com.woniuxy.service.impl.UserServiceImpl.findUserById','http://localhost:8080/Info/PwdEdit','0:0:0:0:0:0:0:1','jack','2020-04-16 00:03:33','成功'),(519,'com.woniuxy.service.impl.UserServiceImpl.update','http://localhost:8080/Info/PwdEditSubmit','0:0:0:0:0:0:0:1','jack','2020-04-16 00:03:36','成功'),(520,'com.woniuxy.service.impl.RoleServiceImpl.findAssignRolesByUserId','http://localhost:8080/Info/PersonInfo','0:0:0:0:0:0:0:1','jack','2020-04-16 00:03:37','成功'),(521,'com.woniuxy.service.impl.EmpServiceImpl.findOneDoctorByUserId','http://localhost:8080/Info/PersonInfo','0:0:0:0:0:0:0:1','jack','2020-04-16 00:03:37','成功');

/*Table structure for table `apprecord` */

DROP TABLE IF EXISTS `apprecord`;

CREATE TABLE `apprecord` (
  `apprecord_id` int(11) NOT NULL AUTO_INCREMENT,
  `emp_id` int(11) DEFAULT NULL,
  `project_id` int(11) DEFAULT NULL,
  `patient_id` int(11) DEFAULT NULL,
  `attend_status` varchar(10) DEFAULT NULL,
  `cost_status` varchar(10) DEFAULT NULL,
  PRIMARY KEY (`apprecord_id`),
  KEY `FK_医护人员预约记录表` (`emp_id`),
  KEY `FK_病人和预约记录表` (`patient_id`),
  KEY `FK_预约记录与医技项目` (`project_id`),
  CONSTRAINT `FK_医护人员预约记录表` FOREIGN KEY (`emp_id`) REFERENCES `emp` (`emp_id`),
  CONSTRAINT `FK_病人和预约记录表` FOREIGN KEY (`patient_id`) REFERENCES `patient` (`patient_id`),
  CONSTRAINT `FK_预约记录与医技项目` FOREIGN KEY (`project_id`) REFERENCES `project` (`project_id`)
) ENGINE=InnoDB AUTO_INCREMENT=7 DEFAULT CHARSET=utf8;

/*Data for the table `apprecord` */

insert  into `apprecord`(`apprecord_id`,`emp_id`,`project_id`,`patient_id`,`attend_status`,`cost_status`) values (2,3,2,12,'是','是'),(3,3,2,12,'是','是'),(4,1,1,12,'否','否'),(5,3,2,12,'否','否'),(6,3,2,NULL,'否','否');

/*Table structure for table `aroom` */

DROP TABLE IF EXISTS `aroom`;

CREATE TABLE `aroom` (
  `aroom_id` int(11) NOT NULL AUTO_INCREMENT,
  `aroom_name` varchar(20) DEFAULT NULL,
  `aroom_code` varchar(20) DEFAULT NULL,
  `aroom_addr` varchar(50) DEFAULT NULL,
  PRIMARY KEY (`aroom_id`)
) ENGINE=InnoDB AUTO_INCREMENT=7 DEFAULT CHARSET=utf8;

/*Data for the table `aroom` */

insert  into `aroom`(`aroom_id`,`aroom_name`,`aroom_code`,`aroom_addr`) values (1,'急诊室','101','门诊大楼一楼'),(2,'内科','105','门诊大楼二楼'),(3,'妇产科','203','门诊大楼二楼'),(4,'麻醉科','104','门诊大楼一楼'),(5,'眼科','304','门诊大楼三楼'),(6,'放射科','404','门诊大楼四楼');

/*Table structure for table `croom` */

DROP TABLE IF EXISTS `croom`;

CREATE TABLE `croom` (
  `croom_id` int(11) NOT NULL AUTO_INCREMENT,
  `aroom_id` int(11) DEFAULT NULL,
  `croom_code` varchar(20) DEFAULT NULL,
  `croom_addr` varchar(50) DEFAULT NULL,
  PRIMARY KEY (`croom_id`),
  KEY `FK_科室与诊室` (`aroom_id`),
  CONSTRAINT `FK_科室与诊室` FOREIGN KEY (`aroom_id`) REFERENCES `aroom` (`aroom_id`)
) ENGINE=InnoDB AUTO_INCREMENT=7 DEFAULT CHARSET=utf8;

/*Data for the table `croom` */

insert  into `croom`(`croom_id`,`aroom_id`,`croom_code`,`croom_addr`) values (1,1,'100','急诊室一楼'),(2,4,'115','麻醉室'),(3,3,'204','妇产组二楼'),(4,2,'305','内科组三楼'),(5,5,'306','门诊大楼三楼'),(6,6,'406','门诊大楼四楼');

/*Table structure for table `emp` */

DROP TABLE IF EXISTS `emp`;

CREATE TABLE `emp` (
  `emp_id` int(11) NOT NULL AUTO_INCREMENT,
  `aroom_id` int(11) DEFAULT NULL,
  `user_id` int(11) DEFAULT NULL,
  `emp_name` varchar(20) DEFAULT NULL,
  `emp_birthday` date DEFAULT NULL,
  `emp_grade` varchar(20) DEFAULT NULL,
  PRIMARY KEY (`emp_id`),
  KEY `FK_医护人员与科室` (`aroom_id`),
  KEY `FK_医护人员和用户` (`user_id`),
  CONSTRAINT `FK_医护人员与科室` FOREIGN KEY (`aroom_id`) REFERENCES `aroom` (`aroom_id`),
  CONSTRAINT `FK_医护人员和用户` FOREIGN KEY (`user_id`) REFERENCES `user` (`user_id`)
) ENGINE=InnoDB AUTO_INCREMENT=32 DEFAULT CHARSET=utf8;

/*Data for the table `emp` */

insert  into `emp`(`emp_id`,`aroom_id`,`user_id`,`emp_name`,`emp_birthday`,`emp_grade`) values (1,2,2,'张飞','2009-05-11','内科医师'),(2,3,3,'貂蝉','2020-03-09','妇产科主任'),(3,1,4,'李小龙','2020-03-10','副院长'),(20,1,7,'田文凯','2020-03-14','医生'),(29,2,26,'王大锤','2020-04-11','医生'),(30,3,27,'王五','2020-04-01','医生'),(31,5,28,'李四','2020-04-16','医生');

/*Table structure for table `equipment` */

DROP TABLE IF EXISTS `equipment`;

CREATE TABLE `equipment` (
  `equipment_id` int(11) NOT NULL AUTO_INCREMENT,
  `aroom_id` int(11) DEFAULT NULL,
  `equipment_name` varchar(50) DEFAULT NULL,
  `equipment_status` varchar(10) DEFAULT NULL,
  PRIMARY KEY (`equipment_id`),
  KEY `FK_设备与科室` (`aroom_id`),
  CONSTRAINT `FK_设备与科室` FOREIGN KEY (`aroom_id`) REFERENCES `aroom` (`aroom_id`)
) ENGINE=InnoDB AUTO_INCREMENT=7 DEFAULT CHARSET=utf8;

/*Data for the table `equipment` */

insert  into `equipment`(`equipment_id`,`aroom_id`,`equipment_name`,`equipment_status`) values (1,2,'呼吸机','正常'),(2,1,'心电监护仪','正常'),(3,1,'心电图机','正常'),(4,3,'B超设备','正常'),(5,4,'多功能麻醉机','正常'),(6,5,'验光机','正常');

/*Table structure for table `patient` */

DROP TABLE IF EXISTS `patient`;

CREATE TABLE `patient` (
  `patient_id` int(11) NOT NULL AUTO_INCREMENT,
  `role_id` int(11) DEFAULT NULL,
  `user_id` int(11) DEFAULT NULL,
  `patient_name` varchar(20) DEFAULT NULL,
  `patient_age` int(11) DEFAULT NULL,
  `patient_sex` varchar(10) DEFAULT NULL,
  `patient_count` int(11) DEFAULT NULL,
  `patient_status` varchar(20) DEFAULT NULL,
  PRIMARY KEY (`patient_id`),
  KEY `FK_患者和用户` (`user_id`),
  KEY `FK_患者和角色` (`role_id`),
  CONSTRAINT `FK_患者和用户` FOREIGN KEY (`user_id`) REFERENCES `user` (`user_id`),
  CONSTRAINT `FK_患者和角色` FOREIGN KEY (`role_id`) REFERENCES `role` (`role_id`)
) ENGINE=InnoDB AUTO_INCREMENT=16 DEFAULT CHARSET=utf8;

/*Data for the table `patient` */

insert  into `patient`(`patient_id`,`role_id`,`user_id`,`patient_name`,`patient_age`,`patient_sex`,`patient_count`,`patient_status`) values (1,4,5,'张三',25,'男',0,'否'),(2,4,6,'柳柳',18,'女',0,'否'),(12,4,29,'刘备',25,'男',0,'否'),(13,4,30,'吕布',24,'男',0,'否'),(14,4,31,'小乔',18,'女',0,'否'),(15,4,32,'大桥',19,'女',0,'否');

/*Table structure for table `permission` */

DROP TABLE IF EXISTS `permission`;

CREATE TABLE `permission` (
  `permission_id` int(11) NOT NULL AUTO_INCREMENT,
  `name` varchar(50) DEFAULT NULL,
  `parent_id` int(11) DEFAULT NULL,
  `url` varchar(500) DEFAULT NULL,
  PRIMARY KEY (`permission_id`),
  KEY `FK_自关联` (`parent_id`),
  CONSTRAINT `FK_自关联` FOREIGN KEY (`parent_id`) REFERENCES `permission` (`permission_id`)
) ENGINE=InnoDB AUTO_INCREMENT=33 DEFAULT CHARSET=utf8;

/*Data for the table `permission` */

insert  into `permission`(`permission_id`,`name`,`parent_id`,`url`) values (1,'操作',NULL,NULL),(2,'系统管理',1,NULL),(3,'基础管理',1,NULL),(4,'医护人员管理',1,NULL),(5,'病人管理',3,'/patient/index'),(6,'权限管理',2,'/permission/index'),(7,'角色管理',2,'/role/index'),(8,'设备管理',3,'/Equipment/index'),(9,'科室管理',3,'/aroom/aroomListByPage'),(10,'诊室管理',3,'/croom/croomListByPage'),(11,'号源类型',3,'/sourceType/index'),(12,'员工管理',3,'/emp/index'),(13,'班次管理',3,'/schedule/index'),(14,'医技组管',3,'/Skillgroup/index'),(15,'医技项目',3,'/Project/index'),(16,'队列管理',3,'/queue/queueList'),(17,'号源池',4,'/source/sourceList'),(18,'叫号',4,'/queue/queueList'),(19,'预约管理',1,NULL),(20,'日志管理',2,'/accesslog/index'),(21,'个人信息',1,NULL),(28,'预约清单',19,'/apprecord/index'),(29,'预约',21,'/apprecord/goBook'),(32,'展示个人信息',21,'/Info/PersonInfo');

/*Table structure for table `project` */

DROP TABLE IF EXISTS `project`;

CREATE TABLE `project` (
  `project_id` int(11) NOT NULL AUTO_INCREMENT,
  `skillgroup_id` int(11) DEFAULT NULL,
  `equipment_id` int(11) DEFAULT NULL,
  `project_name` varchar(50) DEFAULT NULL,
  `project_cost` decimal(10,2) DEFAULT NULL,
  `project_comment` varchar(500) DEFAULT NULL,
  PRIMARY KEY (`project_id`),
  KEY `FK_医技组与医技项目` (`skillgroup_id`),
  KEY `FK_设备与医技项目` (`equipment_id`),
  CONSTRAINT `FK_医技组与医技项目` FOREIGN KEY (`skillgroup_id`) REFERENCES `skillgroup` (`skillgroup_id`),
  CONSTRAINT `FK_设备与医技项目` FOREIGN KEY (`equipment_id`) REFERENCES `equipment` (`equipment_id`)
) ENGINE=InnoDB AUTO_INCREMENT=10 DEFAULT CHARSET=utf8;

/*Data for the table `project` */

insert  into `project`(`project_id`,`skillgroup_id`,`equipment_id`,`project_name`,`project_cost`,`project_comment`) values (1,1,2,'心脏检查','500.00','。。。。。'),(2,2,1,'心脏复苏','3000.00','。。。。。'),(3,3,5,'手术治疗','1000.00','。。。。。'),(4,1,4,'B超检查','130.00','。。。。。'),(5,1,2,'心电图','150.00','。。。。。'),(6,2,3,'心电图','150.00','。。。。。'),(7,7,NULL,'全身CT','600.00','。。。。。'),(8,6,6,'视力验光','50.00','。。。。。'),(9,3,5,'紧急镇定','150.00','。。。。。');

/*Table structure for table `queue` */

DROP TABLE IF EXISTS `queue`;

CREATE TABLE `queue` (
  `queue_id` int(11) NOT NULL AUTO_INCREMENT,
  `queue_num` int(11) DEFAULT NULL,
  `aroom_id` int(11) DEFAULT NULL,
  PRIMARY KEY (`queue_id`),
  KEY `FK_科室与队列` (`aroom_id`),
  CONSTRAINT `FK_科室与队列` FOREIGN KEY (`aroom_id`) REFERENCES `aroom` (`aroom_id`)
) ENGINE=InnoDB AUTO_INCREMENT=5 DEFAULT CHARSET=utf8;

/*Data for the table `queue` */

insert  into `queue`(`queue_id`,`queue_num`,`aroom_id`) values (1,100,2),(2,101,2),(3,112,1);

/*Table structure for table `role` */

DROP TABLE IF EXISTS `role`;

CREATE TABLE `role` (
  `role_id` int(11) NOT NULL AUTO_INCREMENT,
  `role_name` varchar(20) DEFAULT NULL,
  PRIMARY KEY (`role_id`)
) ENGINE=InnoDB AUTO_INCREMENT=10 DEFAULT CHARSET=utf8;

/*Data for the table `role` */

insert  into `role`(`role_id`,`role_name`) values (1,'系统管理员'),(2,'医护管理员'),(3,'医护人员'),(4,'患者');

/*Table structure for table `rolepermission` */

DROP TABLE IF EXISTS `rolepermission`;

CREATE TABLE `rolepermission` (
  `rp_id` int(11) NOT NULL AUTO_INCREMENT,
  `role_id` int(11) DEFAULT NULL,
  `permission_id` int(11) DEFAULT NULL,
  PRIMARY KEY (`rp_id`),
  KEY `role_id` (`role_id`),
  KEY `permission_id` (`permission_id`),
  CONSTRAINT `rolepermission_ibfk_1` FOREIGN KEY (`role_id`) REFERENCES `role` (`role_id`),
  CONSTRAINT `rolepermission_ibfk_2` FOREIGN KEY (`permission_id`) REFERENCES `permission` (`permission_id`)
) ENGINE=InnoDB AUTO_INCREMENT=241 DEFAULT CHARSET=utf8;

/*Data for the table `rolepermission` */

insert  into `rolepermission`(`rp_id`,`role_id`,`permission_id`) values (182,2,1),(183,2,3),(184,2,5),(185,2,8),(186,2,9),(187,2,10),(188,2,11),(189,2,12),(190,2,13),(191,2,14),(192,2,15),(193,2,16),(194,2,4),(195,2,17),(196,2,18),(197,2,19),(198,2,28),(199,2,21),(200,2,29),(201,2,32),(202,3,1),(203,3,4),(204,3,17),(205,3,18),(206,3,19),(207,3,28),(208,3,21),(209,3,29),(210,3,32),(211,4,1),(212,4,19),(213,4,28),(214,4,21),(215,4,29),(216,4,32),(217,1,1),(218,1,2),(219,1,6),(220,1,7),(221,1,20),(222,1,3),(223,1,5),(224,1,8),(225,1,9),(226,1,10),(227,1,11),(228,1,12),(229,1,13),(230,1,14),(231,1,15),(232,1,16),(233,1,4),(234,1,17),(235,1,18),(236,1,19),(237,1,28),(238,1,21),(239,1,29),(240,1,32);

/*Table structure for table `schedule` */

DROP TABLE IF EXISTS `schedule`;

CREATE TABLE `schedule` (
  `schedule_id` int(11) NOT NULL AUTO_INCREMENT,
  `skillgroup_id` int(11) DEFAULT NULL,
  `date` date DEFAULT NULL,
  `datestart` time DEFAULT NULL,
  `datelast` time DEFAULT NULL,
  `source_id` int(11) DEFAULT NULL,
  PRIMARY KEY (`schedule_id`),
  KEY `FK_号源池与排班计划` (`skillgroup_id`),
  CONSTRAINT `FK_号源池与排班计划` FOREIGN KEY (`skillgroup_id`) REFERENCES `source` (`source_id`)
) ENGINE=InnoDB AUTO_INCREMENT=21 DEFAULT CHARSET=utf8;

/*Data for the table `schedule` */

insert  into `schedule`(`schedule_id`,`skillgroup_id`,`date`,`datestart`,`datelast`,`source_id`) values (1,1,'2020-03-10','08:30:00','17:30:00',NULL),(2,2,'2020-03-11','08:30:00','17:30:00',NULL),(3,2,'2020-03-13','08:30:00','12:00:00',NULL),(4,3,'2020-03-15','13:50:00','17:30:00',NULL),(16,2,'2020-04-16','08:20:00','16:20:00',31),(17,3,'2020-04-16','12:20:00','18:20:00',32),(18,2,'2020-04-17','06:20:00','16:20:00',33),(19,1,'2020-04-17','09:20:00','11:20:00',34),(20,1,'2020-04-18','16:20:00','18:00:00',35);

/*Table structure for table `shift` */

DROP TABLE IF EXISTS `shift`;

CREATE TABLE `shift` (
  `Shift_id` int(11) NOT NULL AUTO_INCREMENT,
  `Source_id` int(11) DEFAULT NULL,
  PRIMARY KEY (`Shift_id`),
  KEY `fk_1` (`Source_id`),
  CONSTRAINT `fk_1` FOREIGN KEY (`Source_id`) REFERENCES `source` (`source_id`)
) ENGINE=InnoDB AUTO_INCREMENT=3 DEFAULT CHARSET=utf8;

/*Data for the table `shift` */

insert  into `shift`(`Shift_id`,`Source_id`) values (1,1),(2,2);

/*Table structure for table `skillgroup` */

DROP TABLE IF EXISTS `skillgroup`;

CREATE TABLE `skillgroup` (
  `skillgroup_id` int(11) NOT NULL AUTO_INCREMENT,
  `aroom_id` int(11) DEFAULT NULL,
  `source_id` int(11) DEFAULT NULL,
  `skillgroup_name` varchar(50) DEFAULT NULL,
  PRIMARY KEY (`skillgroup_id`),
  KEY `FK_医技组与号源池` (`source_id`),
  KEY `FK_科室与医技组` (`aroom_id`),
  CONSTRAINT `FK_医技组与号源池` FOREIGN KEY (`source_id`) REFERENCES `source` (`source_id`),
  CONSTRAINT `FK_科室与医技组` FOREIGN KEY (`aroom_id`) REFERENCES `aroom` (`aroom_id`)
) ENGINE=InnoDB AUTO_INCREMENT=8 DEFAULT CHARSET=utf8;

/*Data for the table `skillgroup` */

insert  into `skillgroup`(`skillgroup_id`,`aroom_id`,`source_id`,`skillgroup_name`) values (1,2,1,'内科组'),(2,1,2,'急诊科'),(3,4,3,'麻醉科'),(6,5,31,'眼科组'),(7,6,4,'放射科组');

/*Table structure for table `source` */

DROP TABLE IF EXISTS `source`;

CREATE TABLE `source` (
  `source_id` int(11) NOT NULL AUTO_INCREMENT,
  `skillgroup_id` int(11) DEFAULT NULL,
  `type_id` int(11) DEFAULT NULL,
  `source_num` int(11) DEFAULT NULL,
  `queue_id` int(11) DEFAULT NULL,
  PRIMARY KEY (`source_id`),
  KEY `FK_医技组与号源池2` (`skillgroup_id`),
  KEY `FK_号源池与号源类型` (`type_id`),
  CONSTRAINT `FK_医技组与号源池2` FOREIGN KEY (`skillgroup_id`) REFERENCES `skillgroup` (`skillgroup_id`),
  CONSTRAINT `FK_号源池与号源类型` FOREIGN KEY (`type_id`) REFERENCES `sourcetype` (`type_id`)
) ENGINE=InnoDB AUTO_INCREMENT=38 DEFAULT CHARSET=utf8;

/*Data for the table `source` */

insert  into `source`(`source_id`,`skillgroup_id`,`type_id`,`source_num`,`queue_id`) values (1,1,2,200,NULL),(2,2,3,300,NULL),(3,3,4,200,NULL),(4,1,1,20,NULL),(31,2,1,300,NULL),(32,3,1,300,NULL),(33,2,1,300,NULL),(34,1,1,300,NULL),(35,1,1,300,NULL),(36,6,4,200,NULL),(37,7,4,50,NULL);

/*Table structure for table `sourcetype` */

DROP TABLE IF EXISTS `sourcetype`;

CREATE TABLE `sourcetype` (
  `type_id` int(11) NOT NULL AUTO_INCREMENT,
  `type_name` varchar(20) DEFAULT NULL,
  PRIMARY KEY (`type_id`)
) ENGINE=InnoDB AUTO_INCREMENT=9 DEFAULT CHARSET=utf8;

/*Data for the table `sourcetype` */

insert  into `sourcetype`(`type_id`,`type_name`) values (1,'挂号'),(2,'手术'),(3,'治疗'),(4,'检查');

/*Table structure for table `user` */

DROP TABLE IF EXISTS `user`;

CREATE TABLE `user` (
  `user_id` int(11) NOT NULL AUTO_INCREMENT,
  `uname` varchar(20) DEFAULT NULL,
  `upwd` varchar(50) CHARACTER SET utf8 COLLATE utf8_general_ci DEFAULT NULL,
  PRIMARY KEY (`user_id`)
) ENGINE=InnoDB AUTO_INCREMENT=33 DEFAULT CHARSET=utf8;

/*Data for the table `user` */

insert  into `user`(`user_id`,`uname`,`upwd`) values (2,'andy','202cb962ac59075b964b07152d234b70'),(3,'jack','202cb962ac59075b964b07152d234b70'),(4,'jeery','202cb962ac59075b964b07152d234b70'),(5,'smms','202cb962ac59075b964b07152d234b70'),(6,'ideai','202cb962ac59075b964b07152d234b70'),(7,'twk','202cb962ac59075b964b07152d234b70'),(26,'wangdachui','202cb962ac59075b964b07152d234b70'),(27,'wangwu','202cb962ac59075b964b07152d234b70'),(28,'lisi','202cb962ac59075b964b07152d234b70'),(29,'liubei','202cb962ac59075b964b07152d234b70'),(30,'lvbu','202cb962ac59075b964b07152d234b70'),(31,'xiaoqiao','202cb962ac59075b964b07152d234b70'),(32,'daqiao','202cb962ac59075b964b07152d234b70');

/*Table structure for table `userrole` */

DROP TABLE IF EXISTS `userrole`;

CREATE TABLE `userrole` (
  `ur_id` int(11) NOT NULL AUTO_INCREMENT,
  `user_id` int(11) DEFAULT NULL,
  `role_id` int(11) DEFAULT NULL,
  PRIMARY KEY (`ur_id`),
  KEY `user_id` (`user_id`),
  KEY `role_id` (`role_id`),
  CONSTRAINT `userrole_ibfk_1` FOREIGN KEY (`user_id`) REFERENCES `user` (`user_id`),
  CONSTRAINT `userrole_ibfk_2` FOREIGN KEY (`role_id`) REFERENCES `role` (`role_id`)
) ENGINE=InnoDB AUTO_INCREMENT=17 DEFAULT CHARSET=utf8;

/*Data for the table `userrole` */

insert  into `userrole`(`ur_id`,`user_id`,`role_id`) values (4,2,1),(5,3,3),(6,7,1),(8,5,4),(9,26,3),(10,27,3),(11,28,2),(12,29,4),(13,30,4),(14,31,4),(15,32,4),(16,4,3);

/*!40101 SET SQL_MODE=@OLD_SQL_MODE */;
/*!40014 SET FOREIGN_KEY_CHECKS=@OLD_FOREIGN_KEY_CHECKS */;
/*!40014 SET UNIQUE_CHECKS=@OLD_UNIQUE_CHECKS */;
/*!40111 SET SQL_NOTES=@OLD_SQL_NOTES */;
